Country,China,China,China,China,China,China,China,China,China,China,China,China,China,China,China,China,China,China,China,China,China,China,China,China,China,China,China,China,China,China,China,China,China,China,China,China,China,China,China,China,China,China,China,China,China,China,China,China,China,China,China,China,China,China,China,China,China,China,China,China,China,China
Name,China: Anhui: GDP: YoY: YTD,China: Anhui: GDP: YTD,China: Beijing Municipality: GDP: YoY: YTD,China: Beijing Municipality: GDP: YTD,China: Chongqing Municipality: GDP: YoY: YTD,China: Chongqing Municipality: GDP: YTD,China: Fujian: GDP: YTD: YoY,China: Fujian: GDP: YTD,China: Gansu: GDP: YTD: YoY,China: Gansu: GDP: YTD,China: Guangdong: GDP: YoY: YTD,China: Guangdong: GDP: YTD,China: Guangxi: GDP: YTD: YoY,China: Guangxi: GDP: YTD,China: Guizhou: GDP: YTD: YoY,China: Guizhou: GDP: YTD,China: Hainan: GDP: YTD: YoY,China: Hainan: GDP: YTD,China: Hebei: GDP: YTD: YoY,China: Hebei: GDP: YTD,China: Henan: GDP: YTD: YoY,China: Henan: GDP: YTD,China: Heilongjiang: GDP: YTD: YoY,China: Heilongjiang: GDP: YTD,China: Hubei: GDP: YTD: YoY,China: Hubei: GDP: YTD,China: Hunan: GDP: YTD: YoY,China: Hunan: GDP: YTD,China: Jilin: GDP: YTD: YoY,China: Jilin: GDP: YTD,China: Jiangsu: GDP: YoY: YTD,China: Jiangsu: GDP: YTD,China: Jiangxi: GDP: YTD: YoY,China: Jiangxi: GDP: YTD,China: Liaoning: GDP: YTD: YoY,China: Liaoning: GDP: YTD,China: Inner Mongolia: GDP: YTD: YoY,China: Inner Mongolia: GDP: YTD,China: Ningxia: GDP: YTD: YoY,China: Ningxia: GDP: YTD,China: Qinghai: GDP: YTD: YoY,China: Qinghai: GDP: YTD,China: Shandong: GDP: YoY: YTD,China: Shandong: GDP: YTD,China: Shanxi: GDP: YTD: YoY,China: Shanxi: GDP: YTD,China: Shaanxi: GDP: YTD: YoY,China: Shaanxi: GDP: YTD,China: Shanghai Municipality: GDP: YoY: YTD,China: Shanghai Municipality: GDP: YTD,China: Sichuan: GDP: YTD: YoY,China: Sichuan: GDP: YTD,China: Tianjin Municipality: GDP: YoY: YTD,China: Tianjin Municipality: GDP: YTD,China: Tibet: GDP: YTD: YoY,China: Tibet: GDP: YTD,China: Xinjiang: GDP: YTD: YoY,China: Xinjiang: GDP: YTD,China: Yunnan: GDP: YTD: YoY,China: Yunnan: GDP: YTD,China: Zhejiang: GDP: YoY: YTD,China: Zhejiang: GDP: YTD
Frequency,Season,Season,Season,Season,Season,Season,Season,Season,Season,Season,Season,Season,Season,Season,Season,Season,Season,Season,Season,Season,Season,Season,Season,Season,Season,Season,Season,Season,Season,Season,Season,Season,Season,Season,Season,Season,Season,Season,Season,Season,Season,Season,Season,Season,Season,Season,Season,Season,Season,Season,Season,Season,Season,Season,Season,Season,Season,Season,Season,Season,Season,Season
Unit,%,CNY 100mn,%,CNY 100mn,%,CNY 100mn,%,CNY 100mn,%,CNY 100mn,%,CNY 100mn,%,CNY 100mn,%,CNY 100mn,%,CNY 100mn,%,CNY 100mn,%,CNY 100mn,%,CNY 100mn,%,CNY 100mn,%,CNY 100mn,%,CNY 100mn,%,CNY 100mn,%,CNY 100mn,%,CNY 100mn,%,CNY 100mn,%,CNY 100mn,%,CNY 100mn,%,CNY 100mn,%,CNY 100mn,%,CNY 100mn,%,CNY 100mn,%,CNY 100mn,%,CNY 100mn,%,CNY 100mn,%,CNY 100mn,%,CNY 100mn,%,CNY 100mn
ID,M0048736,M0048732,M0048668,M0048648,M0048720,M0048708,M0048752,M0048740,M0048773,M0048764,M0048824,M0048796,M0048862,M0048846,M0048884,M0048870,M0048903,M0048898,M0048912,M0048908,M0048949,M0048927,M0048972,M0048960,M0048988,M0048984,M0048997,M0048992,M0049006,M0049002,M0049014,M0049010,M0049024,M0049018,M0049034,M0049030,M0049047,M0049038,M0049057,M0049056,M0049062,M0049058,M0049071,M0049066,M0049080,M0049076,M0049088,M0049084,M0048698,M0048688,M0049098,M0049092,M0049108,M0049104,M0049113,M0049112,M0049119,M0049114,M0049130,M0049124,M0049148,M0049136
Source,Anhui Provincial Bureau of Statistics,Anhui Provincial Bureau of Statistics,Beijing Municipal Bureau of Statistics,Beijing Municipal Bureau of Statistics,Chongqing Municipal Bureau of Statistics,Chongqing Municipal Bureau of Statistics,Fujian Provincial Bureau of Statistics,Fujian Provincial Bureau of Statistics,Gansu Provincial Bureau of Statistics,Gansu Provincial Bureau of Statistics,Guangdong Provincial Bureau of Statistics,Guangdong Provincial Bureau of Statistics,Guangxi Provincial Bureau of Statistics,Guangxi Provincial Bureau of Statistics,Guizhou Provincial Bureau of Statistics,Guizhou Provincial Bureau of Statistics,Hainan Provincial Bureau of Statistics,Hainan Provincial Bureau of Statistics,Hebei Provincial Bureau of Statistics,Hebei Provincial Bureau of Statistics,Henan Provincial Bureau of Statistics,Henan Provincial Bureau of Statistics,Heilongjiang Provincial Bureau of Statistics,Heilongjiang Provincial Bureau of Statistics,Hubei Provincial Bureau of Statistics,Hubei Provincial Bureau of Statistics,Hunan Provincial Bureau of Statistics,Hunan Provincial Bureau of Statistics,Jilin Provincial Bureau of Statistics,Jilin Provincial Bureau of Statistics,Jiangsu Provincial Bureau of Statistics,Jiangsu Provincial Bureau of Statistics,Jiangxi Provincial Bureau of Statistics,Jiangxi Provincial Bureau of Statistics,Liaoning Provincial Bureau of Statistics,Liaoning Provincial Bureau of Statistics,Inner Mongolia Provincial Bureau of Statistics,Inner Mongolia Provincial Bureau of Statistics,Ningxia Provincial Bureau of Statistics,Ningxia Provincial Bureau of Statistics,Qinghai Provincial Bureau of Statistics,Qinghai Provincial Bureau of Statistics,Shandong Provincial Bureau of Statistics,Shandong Provincial Bureau of Statistics,Shanxi Provincial Bureau of Statistics,Shanxi Provincial Bureau of Statistics,Shaanxi Provincial Bureau of Statistics,Shaanxi Provincial Bureau of Statistics,Shanghai Municipal Bureau of Statistics,Shanghai Municipal Bureau of Statistics,Sichuan Provincial Bureau of Statistics,Sichuan Provincial Bureau of Statistics,Tianjin Municipal Bureau of Statistics,Tianjin Municipal Bureau of Statistics,Tibet Bureau of Statistics,Tibet Bureau of Statistics,Xinjiang Provincial Bureau of Statistics,Xinjiang Provincial Bureau of Statistics,Yunnan Provincial Bureau of Statistics,Yunnan Provincial Bureau of Statistics,Zhejiang Provincial Bureau of Statistics,Zhejiang Provincial Bureau of Statistics
Update,2025-01-24,2025-01-24,2025-01-21,2025-01-21,2025-02-07,2025-01-22,2025-01-22,2025-01-22,2025-01-21,2025-01-21,2025-01-26,2025-01-26,2025-01-24,2025-01-24,2025-01-20,2025-01-20,2025-02-05,2025-02-05,2025-01-24,2025-01-22,2025-01-24,2025-01-21,2025-01-24,2025-01-24,2025-01-23,2025-01-23,2025-01-23,2025-01-23,2025-01-22,2025-01-22,2025-01-23,2025-01-24,2025-01-20,2025-01-20,2025-01-20,2025-01-20,2025-01-22,2025-01-22,2025-01-24,2025-01-24,2025-01-24,2025-01-24,2025-02-07,2025-02-07,2025-01-27,2025-01-27,2025-01-26,2025-01-26,2025-01-17,2025-01-17,2025-01-21,2025-02-11,2025-01-17,2025-01-17,2025-01-24,2025-01-24,2025-02-07,2025-01-24,2025-01-27,2025-01-20,2025-01-20,2025-01-20
1952-12,,,,,,,,12.73 ,,,,,,,,,,,,,,,,,,24.51 ,,27.81 ,,16.55 ,,,,,,,,,,,,,,,,,,,,,,,,,,,,,,,,24.53 
1953-12,,,,,,,,,,,,,,,,,,,,,,,,,,,,30.29 ,,18.97 ,,,,,,,,,,,,,,,,,,,,,,,,,,,,,,,,27.24 
1954-12,,,,,,,,,,,,,,,,,,,,,,,,,,,,30.51 ,,20.43 ,,,,,,,,,,,,,,,,,,,,,,,,,,,,,,,,28.65 
1955-12,,,,,,,,,,,,,,,,,,,,,,,,,27.10 ,34.05 ,,35.83 ,,21.13 ,,,,,,,,,,,,,,,,,,,,,,,,,,,,,,,,30.53 
1956-12,,,,,,,,,,,,,,,,,,,,,,,,,,,,37.93 ,,24.58 ,,,,,,,,,,,,,,,,,,,,,,,,,,,,,,,,33.54 
1957-12,,,,,,,,,,,,,,,,,,,,,,,,,7.40 ,48.86 ,,45.20 ,,25.22 ,,,,,,,,,,,,,,,,,,,,,,,,,,,,,,,,37.27 
1958-12,,,,,,,,,,,,,,,,,,,,,,,,,,,,55.85 ,,31.18 ,,,,,,,,,,,,,,,,,,,,,,,,,,,,,,,,43.75 
1959-12,,,,,,,,,,,,,,,,,,,,,,,,,,,,61.95 ,,37.15 ,,,,,,,,,,,,,,,,,,,,,,,,,,,,,,,,47.35 
1960-12,,,,,,,,,,,,,,,,,,,,,,,,,,,,64.07 ,,41.83 ,,,,,,,,,,,,,,,,,,,,,,,,,,,,,,,,47.25 
1961-12,,,,,,,,,,,,,,,,,,,,,,,,,,,,46.64 ,,31.89 ,,,,,,,,,,,,,,,,,,,,,,,,,,,,,,,,40.56 
1962-12,,,,,,,,,,,,,,,,,,,,,,,,,0.90 ,52.13 ,,51.19 ,,31.35 ,,,,,,,,,,,,,,,,,,,,,,,,,,,,,,,,43.35 
1963-12,,,,,,,,,,,,,,,,,,,,,,,,,,,,48.08 ,,35.94 ,,,,,,,,,,,,,,,,,,,,,,,,,,,,,,,,46.60 
1964-12,,,,,,,,,,,,,,,,,,,,,,,,,,,,57.36 ,,38.45 ,,,,,,,,,,,,,,,,,,,,,,,,,,,,,,,,51.75 
1965-12,,,,,,,,,,,,,,,,,,,,,,,,,18.10 ,72.43 ,,65.32 ,,42.93 ,,,,,,,,,,,,,,,,,,,,,,,,,,,,,,,,55.67 
1966-12,,,,,,,,,,,,,,,,,,,,,,,,,,,,72.73 ,,46.67 ,,,,,,,,,,,,,,,,,,,,,,,,,,,,,,,,58.28 
1967-12,,,,,,,,,,,,,,,,,,,,,,,,,,,,73.51 ,,44.25 ,,,,,,,,,,,,,,,,,,,,,,,,,,,,,,,,56.35 
1968-12,,,,,,,,,,,,,,,,,,,,,,,,,,,,75.67 ,,42.49 ,,,,,,,,,,,,,,,,,,,,,,,,,,,,,,,,54.94 
1969-12,,,,,,,,,,,,,,,,,,,,,,,,,,,,81.26 ,,45.18 ,,,,,,,,,,,,,,,,,,,,,,,,,,,,,,,,62.70 
1970-12,,,,,,,,,,,,,,,,,,,,,,,,,26.90 ,88.15 ,,93.05 ,,56.07 ,,,,,,,,,,,,,,,,,,,,,,,,,,,,,,,,69.17 
1971-12,,,,,,,,,,,,,,,,,,,,,,,,,,,,99.10 ,,60.90 ,,,,,,,,,,,,,,,,,,,,,,,,,,,,,,,,70.43 
1972-12,,,,,,,,,,,,,,,,,,,,,,,,,,,,107.01 ,,56.02 ,,,,,,,,,,,,,,,,,,,,,,,,,,,,,,,,84.39 
1973-12,,,,,,,,,,,,,,,,,,,,,,,,,,,,115.80 ,,63.33 ,,,,,,,,,,,,,,,,,,,,,,,,,,,,,,,,86.99 
1974-12,,,,,,,,,,,,,,,,,,,,,,,,,,,,108.17 ,,65.11 ,,,,,,,,,,,,,,,,,,,,,,,,,,,,,,,,86.57 
1975-12,,,,,,,,,,,,,,,,,,,,,,,,,11.40 ,120.10 ,,118.40 ,,72.31 ,,,,,,,,,,,,,,,,,,,,,,,,,,,,,,,,84.23 
1976-12,,,,,,,,,,,,,,,,,,,,,,,,,,,,118.53 ,,67.32 ,,,,,,,,,,,,,,,,,,,,,,,,,,,,,,,,87.27 
1977-12,,,,,,,,,,,,,,,,,,,,,,,,,,,,129.17 ,,72.91 ,,,,,,,,,,,,,,,,,,,,,,,,,,,,,,,,100.00 
1978-12,,,10.50 ,108.80 ,,,,66.37 ,,,,,11.70 ,75.85 ,,,,16.40 ,,,,,,,13.50 ,151.00 ,16.40 ,146.99 ,,81.98 ,,,13.30 ,87.00 ,10.70 ,229.20 ,,,8.90 ,13.00 ,,,,,,,,,,,,,,,,,,,,,,123.72 
1979-12,,,9.70 ,120.10 ,,,,,,,,,3.40 ,84.59 ,,,3.10 ,17.45 ,,,,,,,15.60 ,188.46 ,9.10 ,178.01 ,,91.12 ,,,,,4.90 ,245.00 ,,,,14.36 ,,,,,,,,,,,,,,,,,,,,,,157.75 
1980-12,,,11.80 ,139.10 ,,,,87.06 ,,,,,10.20 ,97.33 ,,,1.80 ,19.33 ,,,,,,,6.40 ,199.38 ,5.20 ,191.72 ,,98.59 ,,,4.20 ,111.15 ,9.20 ,281.00 ,,,7.90 ,15.96 ,,,,,,,,,,,,,,,,,,,,,,179.92 
1981-12,,,-0.50 ,139.20 ,,,,,,,,,8.00 ,113.46 ,,,13.00 ,22.23 ,,,,,,,6.50 ,219.75 ,5.50 ,209.68 ,,111.16 ,,,,,-1.60 ,288.60 ,,,,,,,,,,,,,,,,,,,,,,,,,,204.86 
1982-12,,,7.40 ,154.90 ,,,,,,,,,12.50 ,129.15 ,,,23.60 ,28.86 ,,,,,,,11.90 ,241.55 ,9.40 ,232.52 ,,121.67 ,,,,,5.30 ,315.10 ,,,,,,,,,,,,,,,,,,,,,,,,,,234.01 
1983-12,,,16.40 ,183.10 ,,,,,,,,,3.30 ,134.60 ,,,5.80 ,31.12 ,,,,,,,5.90 ,262.58 ,9.20 ,257.43 ,,150.14 ,,,,,13.30 ,364.00 ,,,,,,,,,,,,,,,,,,,,,,,,,,257.09 
1984-12,,,17.40 ,216.60 ,,,,,,,,,6.90 ,150.27 ,,,16.90 ,37.18 ,,,,,,,20.90 ,328.22 ,9.40 ,287.29 ,,174.39 ,,,,,16.80 ,438.20 ,,,,,,,,,,,,,,,,,,,,,,,,,,323.25 
1985-12,,,8.70 ,257.10 ,,,,200.48 ,,,,,11.00 ,180.97 ,,,12.00 ,43.26 ,,,,,,,16.20 ,396.26 ,12.00 ,349.95 ,,200.44 ,,,14.80 ,207.89 ,13.30 ,518.60 ,,,17.80 ,30.27 ,,,,,,,,,,,,,,,,,,,,,,429.16 
1986-12,,,8.00 ,284.90 ,,,,,,,,,6.40 ,205.46 ,,,8.70 ,48.03 ,,,,,,,5.50 ,442.04 ,8.10 ,397.68 ,,227.15 ,,,,,8.30 ,605.30 ,,,,,,,,,,,,,,,,,,,,,,,,,,502.47 
1987-12,,,9.60 ,326.80 ,,,,,,,,,9.20 ,241.56 ,,,11.50 ,57.28 ,,,,,,,8.40 ,517.77 ,9.30 ,469.44 ,,297.49 ,,,,,14.10 ,719.10 ,,,,,,,,,,,,,,,,,,,,,,,,,,606.99 
1988-12,,,12.80 ,410.20 ,,,,,,,,,4.50 ,313.28 ,,,9.70 ,77.00 ,,,,,,,7.80 ,626.52 ,8.20 ,584.07 ,,368.67 ,,,,,11.70 ,881.00 ,,,,,,,,,,,,,,,,,,,,,,,,,,770.25 
1989-12,,,4.40 ,456.00 ,,,,,,,,,3.60 ,383.44 ,,,5.70 ,91.32 ,,,,,,,4.50 ,717.08 ,3.60 ,640.80 ,,391.65 ,,,,,3.10 ,"1,003.80 ",,,,,,,,,,,,,,,,,,,,,,,,,,849.44 
1990-12,,,5.20 ,500.80 ,,,,522.28 ,,,,,7.00 ,449.06 ,,,10.60 ,102.42 ,,,,,,,5.00 ,824.38 ,4.00 ,744.44 ,,425.28 ,,,4.50 ,428.62 ,0.90 ,"1,062.70 ",,,3.70 ,64.84 ,,,,,,,,,,,,,,,,,,,,,,904.69 
1991-12,,,9.90 ,598.90 ,,,,,,,,,12.70 ,518.59 ,,,14.90 ,120.52 ,,,,,,,6.60 ,913.38 ,7.90 ,833.30 ,,463.47 ,,,8.20 ,479.37 ,6.10 ,"1,200.10 ",,,,,,,,,,,,,,,,,,,,,,,,,,"1,089.33 "
1992-12,,,11.30 ,709.10 ,,,,,,,,,18.30 ,646.60 ,,,41.50 ,184.92 ,,,,,,,14.10 ,"1,088.39 ",11.10 ,986.98 ,12.90 ,558.06 ,,,14.80 ,572.55 ,12.10 ,"1,473.00 ",,,,,,,,,,,,,,,,,,,,,,,,,,"1,375.70 "
1993-12,,"1,037.14 ",12.30 ,886.21 ,,608.53 ,,"1,114.20 ",,372.24 ,,"3,469.28 ",18.30 ,871.70 ,10.40 ,417.69 ,20.60 ,260.41 ,,"1,690.84 ",15.80 ,"1,660.18 ",,"1,198.30 ",13.00 ,"1,325.83 ",12.40 ,"1,244.71 ",12.70 ,718.58 ,,"2,998.16 ",13.70 ,723.04 ,14.90 ,"2,010.82 ",,537.81 ,10.30 ,104.49 ,,109.68 ,,"2,770.37 ",,680.41 ,,678.20 ,,"1,519.23 ",,"1,486.08 ",,538.94 ,,37.42 ,,495.25 ,,783.27 ,,"1,925.91 "
1994-12,,"1,320.43 ",13.70 ,"1,145.31 ",,833.60 ,,"1,644.39 ",,453.61 ,,"4,619.02 ",15.20 ,"1,198.29 ",8.40 ,524.46 ,11.30 ,331.98 ,,"2,187.49 ",13.80 ,"2,216.83 ",,"1,604.90 ",13.70 ,"1,700.92 ",10.60 ,"1,650.02 ",9.70 ,937.73 ,,"4,057.39 ",8.80 ,948.16 ,11.20 ,"2,461.78 ",,695.06 ,7.70 ,136.26 ,,138.40 ,,"3,844.50 ",,826.66 ,,839.03 ,,"1,990.86 ",,"2,001.41 ",,732.89 ,,45.99 ,,662.32 ,,983.78 ,,"2,689.28 "
1995-12,,"1,810.66 ",12.00 ,"1,507.69 ",,"1,123.06 ",,"2,094.90 ",,557.76 ,,"5,933.05 ",11.40 ,"1,497.56 ",7.50 ,636.21 ,3.80 ,363.25 ,,"2,849.52 ",14.80 ,"2,988.37 ",,"1,991.40 ",13.20 ,"2,109.38 ",10.30 ,"2,132.13 ",9.70 ,"1,137.23 ",,"5,155.25 ",6.80 ,"1,169.73 ",7.10 ,"2,793.37 ",,857.06 ,9.50 ,175.19 ,,167.80 ,,"4,953.35 ",,"1,076.03 ",,"1,036.85 ",,"2,499.43 ",10.00 ,"2,443.21 ",,931.97 ,,56.11 ,,814.85 ,,"1,222.15 ",,"3,557.55 "
1996-12,,"2,093.30 ",9.00 ,"1,789.20 ",,"1,315.12 ",,"2,484.25 ",,722.52 ,,"6,834.97 ",8.30 ,"1,697.90 ",8.90 ,723.18 ,4.70 ,389.68 ,,"3,452.97 ",13.90 ,"3,634.69 ",,"2,370.50 ",11.60 ,"2,499.77 ",12.10 ,"2,540.13 ",13.50 ,"1,346.79 ",,"6,004.21 ",11.70 ,"1,409.74 ",8.60 ,"3,157.69 ",,"1,023.09 ",10.90 ,202.90 ,,184.17 ,12.20 ,"5,883.80 ",,"1,292.11 ",,"1,215.84 ",,"2,957.55 ",10.10 ,"2,871.65 ",,"1,121.93 ",,64.98 ,,900.93 ,,"1,517.69 ",,"4,188.53 "
1997-12,,"2,347.32 ",10.10 ,"2,077.09 ",11.20 ,"1,509.75 ",,"2,870.90 ",,793.57 ,,"7,774.53 ",8.00 ,"1,817.25 ",9.00 ,805.79 ,6.80 ,411.16 ,,"3,953.78 ",10.40 ,"4,041.09 ",,"2,667.50 ",11.90 ,"2,856.47 ",10.60 ,"2,849.27 ",9.00 ,"1,464.34 ",,"6,680.34 ",12.30 ,"1,605.77 ",8.90 ,"3,582.46 ",,"1,153.51 ",7.90 ,224.59 ,,202.79 ,11.20 ,"6,537.07 ",,"1,476.00 ",,"1,363.60 ",,"3,438.79 ",10.20 ,"3,241.47 ",,"1,264.63 ",,77.24 ,11.00 ,"1,039.85 ",,"1,676.17 ",,"4,686.11 "
1998-03,,,,,7.80 ,337.18 ,,,,,,,,,7.50 ,147.88 ,,,,,,,,,,,,,,,,,,,,,,,,,,,,,,,,,,,,,,,,,,,,,,
1998-06,,,,,8.00 ,652.77 ,,,,,,,,,,,,,,,,,,,,,,,,,,,,,,,,,,,,,,,,,,,,,,,,,,,,,,,,
1998-09,,,,,8.00 ,"1,044.52 ",,,,,,,,,8.50 ,495.91 ,,,,,,,,,,,,,,,,,,,,,,,,,,,,,,,,,,,,,,,,,,,,,,
1998-12,,"2,542.96 ",9.50 ,"2,377.18 ",8.60 ,"1,602.38 ",,"3,159.91 ",,887.67 ,,"8,530.88 ",10.00 ,"1,911.30 ",8.50 ,858.39 ,8.50 ,442.13 ,,"4,256.01 ",8.80 ,"4,308.24 ",,"2,774.40 ",8.60 ,"3,114.02 ",8.50 ,"3,025.53 ",9.10 ,"1,577.05 ",,"7,199.95 ",7.10 ,"1,719.87 ",8.30 ,"3,881.73 ",,"1,262.54 ",8.80 ,245.44 ,,220.92 ,10.80 ,"7,021.35 ",,"1,611.08 ",,"1,458.40 ",,"3,801.09 ",9.10 ,"3,474.09 ",,"1,374.60 ",,91.50 ,7.30 ,"1,106.95 ",,"1,831.33 ",,"5,052.62 "
1999-03,,,12.20 ,406.50 ,11.00 ,342.49 ,,,,137.75 ,,"1,729.58 ",8.10 ,420.98 ,6.70 ,152.62 ,,,,,,,,,,,8.00 ,638.40 ,,,10.40 ,"1,554.40 ",,,,,,,8.30 ,40.61 ,6.70 ,34.73 ,,,,,6.40 ,244.13 ,,,,,11.05 ,304.33 ,,,7.20 ,167.15 ,,,,
1999-06,8.80 ,"1,274.47 ",11.90 ,954.70 ,8.70 ,673.99 ,,,,,,"3,659.42 ",,,7.40 ,340.00 ,,,,,,,,,,,7.80 ,"1,344.64 ",,,10.20 ,"3,358.70 ",,,,,,,8.60 ,89.30 ,7.20 ,85.82 ,9.80 ,"3,385.20 ",,,6.70 ,582.50 ,9.50 ,,,,10.68 ,670.53 ,,,6.90 ,390.67 ,,,10.10 ,
1999-09,8.60 ,"2,033.62 ",10.90 ,"1,531.00 ",8.00 ,"1,091.06 ",,,,,,"5,863.07 ",8.00 ,"1,272.70 ",8.00 ,,,,,,,,,,,,8.10 ,"2,165.29 ",,,,,,,,,,,8.30 ,166.00 ,8.10 ,151.10 ,,,,,7.60 ,940.80 ,,,,,10.30 ,"1,042.85 ",8.80 ,72.25 ,,,,,,
1999-12,8.40 ,"2,712.34 ",10.90 ,"2,678.82 ",7.80 ,"1,663.20 ",10.00 ,"3,414.19 ",9.00 ,956.32 ,10.10 ,"9,250.68 ",8.00 ,"1,971.41 ",8.80 ,937.50 ,8.50 ,476.67 ,9.10 ,"4,514.19 ",8.10 ,"4,517.94 ",7.50 ,"2,866.30 ",7.80 ,"3,229.29 ",8.40 ,"3,214.54 ",8.20 ,"1,672.96 ",10.10 ,"7,697.82 ",7.80 ,"1,853.65 ",8.20 ,"4,171.69 ",7.70 ,"1,379.31 ",9.10 ,264.58 ,8.10 ,239.38 ,10.10 ,"7,493.84 ",6.10 ,"1,667.10 ",8.40 ,"1,592.64 ",10.40 ,"4,188.73 ",5.60 ,"3,649.12 ",10.04 ,"1,500.95 ",9.10 ,105.98 ,7.10 ,"1,163.17 ",7.10 ,"1,899.82 ",10.00 ,"5,443.92 "
2000-03,7.30 ,601.94 ,10.00 ,449.10 ,8.10 ,354.94 ,9.20 ,729.05 ,8.50 ,153.15 ,10.20 ,"1,931.74 ",8.10 ,411.37 ,9.90 ,170.25 ,8.10 ,102.65 ,9.40 ,,8.00 ,896.17 ,8.70 ,,8.90 ,,8.30 ,695.20 ,9.90 ,,10.30 ,"1,689.45 ",6.50 ,445.74 ,9.80 ,882.20 ,8.70 ,,9.30 ,45.51 ,7.20 ,39.03 ,10.30 ,"1,720.00 ",7.10 ,,8.70 ,244.13 ,10.50 ,985.30 ,6.30 ,,10.60 ,335.18 ,,,7.20 ,189.84 ,3.20 ,,10.60 ,
2000-06,7.50 ,"1,328.61 ",12.00 ,"1,044.10 ",8.30 ,704.03 ,9.20 ,"1,569.45 ",9.50 ,348.92 ,10.60 ,"4,128.35 ",8.20 ,868.27 ,9.40 ,411.66 ,8.80 ,241.64 ,,,8.50 ,"2,322.30 ",,,,,9.00 ,"1,481.35 ",10.10 ,604.10 ,10.30 ,"3,722.79 ",7.60 ,800.51 ,9.50 ,"1,837.63 ",,,10.70 ,101.01 ,8.30 ,94.31 ,10.30 ,"3,831.20 ",,,8.90 ,626.24 ,,"2,089.78 ",8.60 ,"1,616.12 ",10.83 ,744.21 ,8.90 ,47.95 ,7.80 ,429.29 ,,764.62 ,10.70 ,
2000-09,8.00 ,"2,083.50 ",11.00 ,"1,693.40 ",8.40 ,"1,114.87 ",9.40 ,"2,509.81 ",8.60 ,610.13 ,10.60 ,"6,659.09 ",8.10 ,"1,374.40 ",9.00 ,599.46 ,8.60 ,365.61 ,9.60 ,"3,658.80 ",8.80 ,"3,814.92 ",8.40 ,"2,177.50 ",9.30 ,"2,773.50 ",9.10 ,"2,358.00 ",10.30 ,"1,051.70 ",10.50 ,"5,881.04 ",7.90 ,"1,289.44 ",9.60 ,"2,956.92 ",,,10.00 ,181.81 ,8.70 ,171.90 ,10.70 ,"5,985.00 ",,,8.60 ,"1,046.13 ",10.60 ,"3,199.10 ",8.80 ,"2,655.64 ",10.80 ,"1,170.77 ",9.20 ,82.03 ,7.80 ,896.68 ,6.50 ,"1,177.22 ",11.00 ,"4,060.00 "
2000-12,8.30 ,"2,902.09 ",11.80 ,"3,161.66 ",8.70 ,"1,791.00 ",9.50 ,"3,764.54 ",9.70 ,"1,052.88 ",11.50 ,"10,741.25 ",7.90 ,"2,080.04 ",8.40 ,"1,029.92 ",9.00 ,526.82 ,9.50 ,"5,043.96 ",9.50 ,"5,052.99 ",8.20 ,"3,151.40 ",8.60 ,"3,545.39 ",9.00 ,"3,551.49 ",9.20 ,"1,951.51 ",10.60 ,"8,553.69 ",8.00 ,"2,003.07 ",8.90 ,"4,669.06 ",9.70 ,"1,539.12 ",10.20 ,295.02 ,8.90 ,263.68 ,10.50 ,"8,337.47 ",7.70 ,"1,845.72 ",9.30 ,"1,804.00 ",11.00 ,"4,771.17 ",9.00 ,"3,928.20 ",10.77 ,"1,701.88 ",9.40 ,117.80 ,8.20 ,"1,363.56 ",7.10 ,"2,011.19 ",11.00 ,"6,141.03 "
2001-03,8.70 ,645.82 ,11.20 ,550.50 ,9.00 ,386.99 ,9.50 ,763.11 ,8.70 ,173.39 ,9.30 ,"2,138.80 ",8.60 ,466.69 ,8.80 ,182.30 ,9.20 ,112.72 ,9.20 ,"1,033.66 ",9.40 ,"1,064.60 ",8.70 ,644.59 ,9.80 ,784.69 ,9.20 ,760.33 ,10.40 ,323.03 ,10.60 ,"1,889.30 ",7.50 ,451.37 ,8.50 ,984.20 ,9.10 ,203.80 ,10.50 ,54.76 ,7.30 ,48.82 ,10.20 ,"1,914.50 ",8.70 ,340.55 ,8.80 ,316.55 ,9.80 ,"1,081.86 ",9.20 ,800.03 ,12.20 ,376.66 ,,,8.20 ,220.09 ,7.20 ,388.31 ,10.60 ,"1,412.00 "
2001-06,8.80 ,"1,774.98 ",11.00 ,"1,233.67 ",9.10 ,780.41 ,9.30 ,"1,774.98 ",,,10.00 ,"4,658.20 ",,,,,,,,,,,,,,,9.50 ,"1,652.74 ",,,10.40 ,"3,136.00 ",8.00 ,876.50 ,,,9.60 ,503.80 ,10.60 ,118.30 ,12.40 ,116.98 ,10.30 ,"4,280.13 ",,,,,10.20 ,"2,302.94 ",,,12.00 ,835.97 ,10.90 ,53.77 ,,,,,10.50 ,"3,136.00 "
2001-09,8.80 ,"2,294.80 ",11.10 ,"1,970.30 ",8.70 ,"1,222.20 ",,,,,9.60 ,"7,433.88 ",,,,,,,,,,,,,,,9.20 ,"2,582.61 ",,,,,,,,,,,,,,,,,,,,,10.40 ,"3,571.87 ",9.20 ,"2,981.10 ",12.00 ,"1,314.40 ",,,,,,,,
2001-12,8.60 ,"3,246.71 ",11.70 ,"3,707.96 ",9.20 ,"1,976.86 ",9.00 ,"4,072.85 ",9.80 ,"1,125.37 ",10.50 ,"12,039.25 ",8.30 ,"2,279.34 ",8.80 ,"1,133.27 ",9.10 ,579.17 ,8.70 ,"5,516.76 ",9.00 ,"5,533.01 ",9.30 ,"3,390.10 ",8.90 ,"3,880.53 ",9.00 ,"3,831.90 ",9.30 ,"2,120.35 ",10.20 ,"9,456.84 ",8.80 ,"2,175.68 ",9.00 ,"5,033.08 ",9.60 ,"1,713.81 ",10.10 ,337.44 ,11.70 ,300.13 ,10.10 ,"9,195.04 ",8.30 ,"2,029.53 ",9.10 ,"2,010.62 ",10.50 ,"5,210.12 ",9.20 ,"4,293.49 ",12.00 ,"1,919.09 ",12.60 ,139.16 ,8.10 ,"1,491.60 ",6.50 ,"2,138.31 ",10.60 ,"6,898.34 "
2002-03,8.80 ,696.80 ,,584.50 ,9.20 ,424.18 ,,,,,10.60 ,"2,343.40 ",,,,,,,,,,,,,,,9.40 ,824.20 ,,,,,,,,,,,,,,,10.60 ,"2,076.40 ",,,,,9.60 ,"1,159.53 ",9.40 ,,,426.95 ,,,,,,,,
2002-06,8.00 ,,,"1,346.80 ",10.10 ,875.56 ,,,,,10.70 ,"5,146.95 ",,,9.30 ,498.92 ,,,,,,,,,,,9.60 ,"1,772.60 ",,,,,,,,,,,,,,,11.20 ,"4,731.69 ",,,,,10.00 ,"2,523.34 ",10.20 ,,12.30 ,915.82 ,,,,,,,,
2002-09,8.50 ,"2,528.00 ",,"2,152.90 ",10.30 ,"1,375.58 ",,"3,165.80 ",,751.29 ,10.50 ,"8,195.83 ",,,,828.10 ,,450.00 ,,,,"4,657.00 ",,,8.90 ,"3,470.40 ",9.40 ,"2,809.30 ",,,,"7,511.00 ",,"1,602.30 ",,,,"1,172.20 ",,240.10 ,,244.70 ,11.50 ,"7,319.17 ",,"1,493.70 ",9.60 ,"1,342.92 ",10.70 ,"3,902.15 ",10.40 ,"3,493.90 ",12.80 ,"1,450.59 ",,,,"1,082.10 ",,,,
2002-12,8.90 ,"3,519.72 ",11.50 ,"4,315.00 ",10.50 ,"2,232.86 ",10.50 ,"4,467.55 ",9.90 ,"1,232.03 ",12.40 ,"13,502.42 ",10.60 ,"2,523.73 ",9.10 ,"1,243.43 ",9.60 ,642.73 ,9.60 ,"6,018.28 ",9.50 ,"6,035.48 ",10.30 ,"3,637.20 ",9.20 ,"4,212.82 ",9.00 ,"4,151.54 ",9.50 ,"2,348.54 ",11.70 ,"10,606.85 ",10.50 ,"2,450.48 ",10.20 ,"5,458.22 ",12.10 ,"1,940.94 ",10.20 ,377.16 ,12.10 ,340.65 ,11.60 ,"10,275.50 ",10.80 ,"2,324.80 ",9.70 ,"2,253.39 ",11.30 ,"5,741.03 ",10.60 ,"4,725.01 ",12.50 ,"2,150.76 ",12.50 ,162.04 ,8.10 ,"1,612.65 ",8.10 ,"2,312.82 ",12.60 ,"8,003.67 "
2003-03,11.40 ,785.08 ,12.70 ,666.30 ,11.20 ,478.23 ,,981.92 ,10.40 ,228.79 ,13.00 ,"2,707.34 ",11.50 ,559.00 ,9.60 ,222.58 ,11.60 ,142.84 ,,,,,,,,,9.60 ,957.00 ,,,13.60 ,,,,,,,,,,10.80 ,,12.30 ,"2,415.00 ",10.60 ,374.10 ,,,11.80 ,"1,325.86 ",12.10 ,"1,065.73 ",14.90 ,490.57 ,,,,,8.00 ,488.55 ,13.50 ,"1,950.00 "
2003-06,9.50 ,,9.60 ,"1,516.10 ",11.10 ,995.29 ,12.10 ,"2,198.63 ",9.60 ,496.93 ,12.60 ,"5,874.95 ",9.70 ,"1,173.50 ",9.40 ,546.64 ,10.20 ,325.52 ,,,,,,,,,9.40 ,"2,059.10 ",,,13.00 ,"5,470.00 ",12.00 ,"1,118.15 ",,,15.70 ,712.55 ,12.10 ,150.07 ,11.80 ,168.63 ,12.90 ,"5,610.08 ",11.60 ,"1,027.40 ",10.50 ,958.45 ,11.40 ,"2,825.70 ",,,13.65 ,"1,079.31 ",,,9.70 ,591.00 ,7.50 ,993.96 ,12.70 ,"4,120.00 "
2003-09,8.60 ,"2,745.40 ",10.00 ,"2,461.97 ",11.10 ,"1,563.65 ",11.60 ,"3,533.02 ",10.00 ,870.70 ,13.00 ,"9,383.62 ",,,10.50 ,915.00 ,10.70 ,496.75 ,,,10.00 ,"5,109.00 ",,,9.50 ,"3,789.63 ",9.60 ,"3,152.30 ",,,13.20 ,"8,502.50 ",12.50 ,"1,802.63 ",,,15.50 ,"1,353.84 ",12.10 ,269.10 ,11.90 ,273.83 ,13.20 ,"8,640.14 ",12.50 ,"1,677.40 ",10.70 ,"1,558.93 ",12.00 ,"4,409.82 ",11.20 ,"3,885.20 ",14.20 ,"1,699.77 ",,,10.10 ,"1,191.35 ",7.90 ,"1,574.10 ",,
2003-12,9.20 ,"3,923.11 ",11.00 ,"5,007.21 ",11.70 ,"2,555.72 ",11.50 ,"4,983.67 ",10.70 ,"1,399.83 ",14.80 ,"15,844.64 ",10.20 ,"2,821.11 ",10.10 ,"1,426.34 ",10.60 ,713.96 ,11.60 ,"6,921.29 ",10.70 ,"6,867.70 ",10.30 ,"4,057.40 ",9.70 ,"4,757.45 ",9.60 ,"4,659.99 ",10.20 ,"2,662.08 ",13.60 ,"12,442.87 ",13.00 ,"2,807.41 ",11.50 ,"6,002.54 ",16.30 ,"2,388.38 ",12.70 ,445.36 ,11.90 ,390.20 ,13.70 ,"12,078.15 ",13.20 ,"2,855.23 ",10.90 ,"2,587.72 ",12.30 ,"6,694.23 ",11.80 ,"5,333.09 ",14.50 ,"2,578.03 ",12.10 ,185.09 ,10.80 ,"1,886.35 ",8.60 ,"2,556.02 ",14.70 ,"9,705.02 "
2004-03,12.50 ,929.80 ,13.80 ,886.88 ,12.20 ,549.72 ,12.50 ,"1,104.66 ",12.90 ,277.54 ,15.00 ,"3,543.67 ",13.20 ,670.83 ,11.10 ,275.43 ,9.50 ,157.26 ,,,,,10.50 ,,,,11.20 ,"1,142.40 ",,,14.60 ,"2,955.97 ",,,,,18.70 ,344.00 ,11.90 ,81.94 ,14.30 ,76.36 ,15.10 ,"2,986.56 ",,,12.50 ,527.72 ,14.00 ,"1,560.00 ",13.21 ,"1,243.09 ",15.80 ,597.37 ,,,12.20 ,311.35 ,11.10 ,575.04 ,15.00 ,"2,385.00 "
2004-06,13.50 ,"2,260.70 ",15.40 ,"1,910.30 ",12.40 ,"1,154.81 ",13.10 ,"2,586.98 ",12.70 ,598.79 ,15.10 ,"7,657.19 ",12.90 ,"1,384.65 ",11.20 ,692.03 ,10.30 ,369.45 ,,,13.90 ,"3,975.31 ",10.60 ,,11.90 ,"2,800.33 ",11.80 ,"2,402.58 ",,,15.10 ,"6,756.75 ",,,,,18.70 ,874.90 ,12.00 ,179.20 ,12.00 ,196.61 ,15.20 ,"6,899.61 ",,,13.10 ,"1,207.10 ",14.80 ,"3,417.75 ",13.50 ,"2,768.40 ",15.90 ,"1,334.10 ",11.90 ,81.60 ,12.90 ,710.89 ,12.00 ,"1,211.56 ",15.50 ,"5,110.00 "
2004-09,13.10 ,"3,454.90 ",13.00 ,"2,969.50 ",12.30 ,"1,845.33 ",12.60 ,"4,148.02 ",11.70 ,"1,053.47 ",14.80 ,"12,039.72 ",,,11.20 ,"1,070.44 ",10.30 ,563.29 ,,,,,11.00 ,,11.30 ,"4,463.49 ",12.30 ,"3,844.79 ",,,14.80 ,"10,510.26 ",12.70 ,"2,220.00 ",,,21.80 ,"1,635.67 ",,,,,15.00 ,"10,575.40 ",,,,,14.20 ,"5,304.66 ",,,15.70 ,"2,089.78 ",,,11.70 ,"1,416.57 ",11.30 ,"1,915.45 ",14.80 ,"7,870.00 "
2004-12,12.50 ,"4,759.30 ",14.10 ,"6,033.21 ",12.40 ,"3,034.58 ",12.10 ,"5,763.35 ",11.50 ,"1,688.49 ",14.80 ,"18,864.62 ",11.80 ,"3,433.50 ",11.40 ,"1,677.80 ",10.70 ,819.66 ,12.90 ,"8,477.63 ",13.70 ,"8,553.79 ",11.70 ,"4,750.60 ",11.20 ,"5,633.24 ",12.10 ,"5,664.37 ",12.20 ,"3,122.01 ",14.80 ,"15,003.60 ",13.20 ,"3,456.70 ",12.80 ,"6,672.00 ",19.40 ,"3,041.07 ",11.20 ,537.11 ,12.30 ,466.10 ,15.30 ,"15,021.84 ",14.10 ,"3,571.37 ",12.90 ,"3,175.58 ",14.20 ,"8,072.83 ",12.70 ,"6,379.63 ",15.70 ,"3,110.97 ",12.20 ,220.34 ,11.10 ,"2,209.09 ",11.50 ,"3,081.91 ",14.50 ,"11,648.70 "
2005-03,11.20 ,"1,076.40 ",10.10 ,"1,023.87 ",11.90 ,639.90 ,10.50 ,"1,253.85 ",10.80 ,317.01 ,12.20 ,"4,532.02 ",11.70 ,770.13 ,11.30 ,322.94 ,7.80 ,167.74 ,13.00 ,"1,941.61 ",14.10 ,"2,101.03 ",10.30 ,"1,074.41 ",11.00 ,"1,557.20 ",11.90 ,"1,349.57 ",8.20 ,572.30 ,14.10 ,"3,556.56 ",10.50 ,743.13 ,12.60 ,"1,507.52 ",19.80 ,535.66 ,10.80 ,97.05 ,12.50 ,96.09 ,15.20 ,"3,608.17 ",12.90 ,713.90 ,12.10 ,641.82 ,10.80 ,"1,801.60 ",11.50 ,"1,454.56 ",15.30 ,705.15 ,10.60 ,44.35 ,8.80 ,361.29 ,11.90 ,653.40 ,12.20 ,"2,746.09 "
2005-06,11.40 ,"2,568.14 ",10.40 ,"2,274.45 ",11.40 ,"1,319.22 ",11.20 ,"2,926.81 ",12.10 ,683.79 ,12.60 ,"9,893.56 ",12.30 ,"1,612.25 ",11.40 ,794.88 ,9.50 ,402.39 ,13.20 ,"4,766.76 ",14.50 ,"4,862.88 ",10.60 ,"2,351.27 ",10.60 ,"3,195.59 ",11.60 ,"2,834.32 ",8.50 ,"1,229.68 ",14.50 ,"8,212.85 ",12.50 ,"1,560.70 ",12.80 ,"3,247.50 ",20.00 ,"1,187.38 ",11.50 ,210.97 ,12.00 ,232.62 ,15.40 ,"8,490.27 ",12.60 ,"1,572.41 ",12.20 ,"1,440.41 ",10.30 ,"3,930.64 ",11.60 ,"3,231.57 ",14.50 ,"1,577.59 ",12.10 ,94.89 ,10.60 ,871.89 ,8.60 ,"1,298.45 ",12.00 ,"6,094.00 "
2005-09,11.80 ,"3,930.13 ",10.50 ,"3,542.04 ",11.80 ,"2,113.89 ",10.90 ,"4,649.18 ",12.60 ,"1,222.34 ",12.30 ,"15,671.83 ",12.00 ,"2,480.82 ",11.60 ,"1,256.68 ",10.00 ,615.71 ,13.10 ,"7,492.80 ",14.40 ,"7,950.46 ",11.00 ,"3,844.10 ",10.60 ,"5,031.86 ",11.90 ,"4,496.80 ",10.50 ,"2,014.63 ",14.30 ,"12,471.35 ",12.60 ,"2,589.00 ",12.10 ,"5,211.55 ",21.90 ,"2,093.12 ",10.20 ,368.69 ,12.00 ,388.17 ,15.30 ,"13,378.80 ",12.70 ,"2,594.78 ",12.50 ,"2,253.34 ",10.60 ,"6,111.68 ",11.60 ,"5,401.30 ",14.80 ,"2,477.64 ",12.30 ,176.79 ,10.70 ,"1,875.70 ",9.10 ,"2,157.85 ",12.10 ,"9,016.00 "
2005-12,11.60 ,"5,350.17 ",11.80 ,"6,969.52 ",11.50 ,"3,467.72 ",11.60 ,"6,554.69 ",11.80 ,"1,933.98 ",13.80 ,"22,557.37 ",13.20 ,"3,984.10 ",11.60 ,"2,005.42 ",10.20 ,918.75 ,13.40 ,"10,012.11 ",14.20 ,"10,587.42 ",11.60 ,"5,513.70 ",12.10 ,"6,590.19 ",12.20 ,"6,623.45 ",12.10 ,"3,620.27 ",14.50 ,"18,598.69 ",12.80 ,"4,056.76 ",12.30 ,"8,047.26 ",23.80 ,"3,905.03 ",10.90 ,612.61 ,12.20 ,543.32 ,15.20 ,"18,366.87 ",12.60 ,"4,230.53 ",12.60 ,"3,933.72 ",11.10 ,"9,247.66 ",12.60 ,"7,385.10 ",14.70 ,"3,905.64 ",12.10 ,248.80 ,10.90 ,"2,604.19 ",9.00 ,"3,462.73 ",12.80 ,"13,417.68 "
2006-03,11.30 ,"1,212.90 ",13.30 ,"1,681.60 ",12.60 ,697.22 ,12.70 ,"1,349.32 ",10.10 ,422.67 ,13.70 ,"5,298.78 ",13.50 ,965.30 ,11.80 ,389.39 ,11.70 ,216.71 ,13.10 ,"2,084.27 ",13.80 ,"2,378.92 ",11.50 ,"1,197.00 ",12.30 ,"1,533.66 ",12.00 ,"1,526.93 ",10.20 ,713.20 ,15.20 ,"4,290.86 ",11.10 ,863.90 ,12.20 ,"1,714.09 ",18.50 ,785.93 ,9.10 ,131.39 ,12.30 ,115.40 ,15.20 ,"4,330.37 ",10.10 ,913.60 ,12.10 ,857.43 ,12.30 ,"2,296.72 ",13.00 ,"1,730.78 ",14.20 ,860.34 ,11.30 ,55.21 ,11.40 ,453.62 ,9.20 ,766.10 ,14.40 ,"3,319.38 "
2006-06,11.90 ,"2,886.10 ",12.30 ,"3,538.00 ",12.60 ,"1,468.12 ",12.80 ,"3,150.24 ",10.60 ,894.16 ,14.40 ,"11,641.11 ",13.60 ,"2,012.48 ",11.80 ,973.56 ,11.60 ,491.55 ,13.50 ,"5,146.91 ",13.90 ,"5,506.89 ",11.40 ,"2,575.00 ",12.40 ,"3,288.34 ",12.20 ,"3,206.20 ",12.10 ,"1,550.64 ",15.40 ,"9,871.22 ",12.60 ,"1,839.80 ",12.90 ,"3,672.06 ",18.20 ,"1,776.08 ",10.80 ,287.86 ,12.20 ,275.05 ,15.30 ,"10,206.39 ",12.10 ,"2,112.25 ",12.40 ,"1,858.12 ",12.60 ,"4,781.93 ",13.30 ,"3,726.52 ",14.40 ,"1,986.02 ",12.50 ,113.35 ,11.20 ,"1,052.53 ",10.60 ,"1,670.12 ",14.10 ,"7,123.39 "
2006-09,12.50 ,"4,433.00 ",12.20 ,"5,513.20 ",11.80 ,"2,320.64 ",12.50 ,"4,928.41 ",10.20 ,"1,530.40 ",14.10 ,"18,436.26 ",13.10 ,"3,066.10 ",11.60 ,"1,496.89 ",12.10 ,763.74 ,13.20 ,"8,321.40 ",14.00 ,"9,012.16 ",11.60 ,"4,049.00 ",12.10 ,"5,168.05 ",12.00 ,"5,150.34 ",13.70 ,"2,562.31 ",15.00 ,"15,013.45 ",12.30 ,"3,050.00 ",13.00 ,"5,840.99 ",18.10 ,"2,979.52 ",11.40 ,492.41 ,12.00 ,454.42 ,15.00 ,"15,804.73 ",11.60 ,"3,320.50 ",12.50 ,"2,914.97 ",12.40 ,"7,359.18 ",12.50 ,"6,210.84 ",13.80 ,"3,094.08 ",13.80 ,210.04 ,10.80 ,"2,181.89 ",11.10 ,"2,668.96 ",13.90 ,"10,997.00 "
2006-12,12.90 ,"6,112.50 ",12.00 ,"8,117.78 ",12.20 ,"3,907.23 ",13.40 ,"7,583.85 ",11.40 ,"2,277.35 ",14.10 ,"26,587.76 ",13.50 ,"4,746.16 ",11.50 ,"2,338.98 ",12.50 ,"1,065.67 ",13.20 ,"11,467.60 ",14.40 ,"12,362.79 ",12.00 ,"6,211.80 ",12.10 ,"7,617.47 ",12.80 ,"7,722.32 ",15.00 ,"4,275.12 ",14.90 ,"21,742.05 ",12.30 ,"4,820.53 ",13.80 ,"9,304.52 ",18.00 ,"4,944.25 ",12.50 ,725.90 ,12.20 ,648.50 ,14.70 ,"21,900.19 ",11.80 ,"4,878.61 ",12.70 ,"4,743.61 ",12.00 ,"10,572.24 ",13.30 ,"8,690.24 ",14.40 ,"4,462.74 ",13.40 ,290.76 ,11.00 ,"3,045.26 ",11.90 ,"3,988.14 ",13.60 ,"15,718.47 "
2007-03,12.90 ,"1,418.70 ",11.90 ,"1,882.80 ",13.50 ,783.77 ,13.70 ,"1,567.11 ",11.40 ,497.55 ,13.00 ,"6,125.85 ",15.30 ,"1,160.37 ",13.80 ,458.28 ,16.50 ,254.87 ,13.60 ,"2,450.10 ",14.70 ,"2,872.92 ",11.60 ,"1,353.00 ",12.00 ,"1,738.46 ",13.50 ,"1,814.43 ",16.00 ,854.91 ,15.20 ,"5,054.50 ",11.50 ,993.30 ,13.70 ,"2,016.53 ",18.80 ,967.89 ,11.40 ,151.42 ,12.30 ,134.75 ,14.90 ,"5,122.08 ",14.60 ,"1,098.84 ",12.30 ,988.66 ,12.60 ,"2,630.50 ",13.50 ,"2,032.60 ",13.80 ,989.72 ,17.00 ,64.10 ,10.30 ,519.66 ,13.60 ,872.39 ,14.60 ,"3,899.00 "
2007-06,13.20 ,"3,404.60 ",12.10 ,"4,064.30 ",14.50 ,"1,677.67 ",14.30 ,"3,751.13 ",11.30 ,"1,049.50 ",14.30 ,"13,786.26 ",15.10 ,"2,386.26 ",13.90 ,"1,165.40 ",15.50 ,575.37 ,13.10 ,"6,037.30 ",14.70 ,"6,817.02 ",11.90 ,"2,927.00 ",13.30 ,"3,953.61 ",14.20 ,"3,930.28 ",17.30 ,"1,881.01 ",15.00 ,"11,752.10 ",13.20 ,"2,244.30 ",14.80 ,"4,419.92 ",18.20 ,"2,320.71 ",12.80 ,336.57 ,12.30 ,319.97 ,14.70 ,"12,072.43 ",14.10 ,"2,511.56 ",13.80 ,"2,252.81 ",13.00 ,"5,561.91 ",13.70 ,"4,408.12 ",14.50 ,"2,312.26 ",14.70 ,140.61 ,11.20 ,"1,179.71 ",14.60 ,"2,009.60 ",14.70 ,"8,344.00 "
2007-09,13.90 ,"5,203.80 ",12.60 ,"6,419.80 ",15.30 ,"2,757.91 ",15.00 ,"5,941.03 ",11.30 ,"1,792.38 ",14.70 ,"21,909.65 ",15.00 ,"3,717.97 ",13.80 ,"1,810.27 ",15.50 ,894.89 ,13.30 ,"9,879.99 ",14.20 ,"11,094.78 ",12.00 ,"4,547.00 ",14.20 ,"6,272.22 ",14.20 ,"6,191.82 ",16.50 ,"3,139.91 ",15.00 ,"18,010.36 ",12.90 ,"3,700.70 ",15.10 ,"7,029.03 ",18.50 ,"3,852.19 ",12.50 ,574.63 ,12.50 ,532.98 ,14.60 ,"18,562.79 ",13.60 ,"3,973.95 ",14.50 ,"3,556.23 ",13.40 ,"8,590.97 ",14.10 ,"7,465.10 ",14.80 ,"3,601.30 ",14.50 ,246.64 ,11.70 ,"2,438.54 ",13.70 ,"3,201.21 ",14.70 ,"12,984.00 "
2007-12,14.17 ,"7,360.92 ",14.50 ,"9,846.81 ",15.90 ,"4,676.13 ",15.20 ,"9,248.53 ",12.30 ,"2,703.98 ",14.90 ,"31,777.01 ",15.10 ,"5,823.41 ",14.80 ,"2,884.11 ",15.80 ,"1,254.17 ",12.80 ,"13,607.32 ",14.60 ,"15,012.46 ",12.00 ,"7,104.00 ",14.60 ,"9,333.40 ",15.10 ,"9,485.99 ",16.10 ,"5,284.69 ",14.90 ,"26,018.48 ",13.20 ,"5,800.25 ",15.00 ,"11,164.30 ",19.20 ,"6,423.18 ",12.70 ,919.11 ,13.47 ,797.35 ,14.20 ,"25,776.91 ",15.90 ,"6,024.45 ",15.80 ,"5,757.29 ",15.20 ,"12,494.01 ",14.50 ,"10,562.39 ",15.50 ,"5,252.76 ",14.00 ,341.43 ,12.20 ,"3,523.16 ",12.20 ,"4,772.52 ",14.67 ,"18,753.73 "
2008-03,13.50 ,"1,725.10 ",11.30 ,"2,148.34 ",13.90 ,963.77 ,13.40 ,"1,865.23 ",10.30 ,605.13 ,10.50 ,"7,497.53 ",11.30 ,"1,414.00 ",-2.00 ,499.22 ,10.20 ,308.04 ,11.60 ,"2,964.00 ",13.60 ,"3,658.01 ",11.40 ,"1,557.00 ",13.50 ,"2,157.72 ",9.00 ,"2,170.85 ",16.50 ,"1,064.34 ",13.70 ,"6,116.83 ",11.60 ,"1,212.60 ",13.40 ,"2,488.92 ",18.30 ,"1,269.76 ",12.00 ,186.58 ,13.60 ,165.03 ,14.10 ,"6,185.60 ",12.50 ,"1,365.27 ",16.00 ,"1,247.02 ",11.53 ,"3,040.76 ",14.50 ,"2,555.50 ",16.00 ,"1,230.63 ",10.40 ,76.03 ,11.30 ,679.76 ,9.60 ,"1,056.52 ",11.80 ,"4,601.97 "
2008-06,14.20 ,"4,180.70 ",11.00 ,"4,972.80 ",15.20 ,"2,104.76 ",13.80 ,"4,528.32 ",9.70 ,"1,270.62 ",10.70 ,"16,018.01 ",13.00 ,"3,018.37 ",5.70 ,"1,392.40 ",10.50 ,707.66 ,11.80 ,"7,375.80 ",13.70 ,"8,593.53 ",11.80 ,"3,414.00 ",13.90 ,"4,971.92 ",11.80 ,"4,911.36 ",16.50 ,"2,384.09 ",13.60 ,"14,239.82 ",13.30 ,"2,779.45 ",14.20 ,"5,578.05 ",18.30 ,"3,069.30 ",12.50 ,446.99 ,13.60 ,417.00 ,13.80 ,"14,736.53 ",12.60 ,"3,254.35 ",16.20 ,"2,898.49 ",10.29 ,"6,530.73 ",9.10 ,"5,388.53 ",16.30 ,"2,951.88 ",7.40 ,161.81 ,11.00 ,"1,590.85 ",11.10 ,"2,451.50 ",11.40 ,"9,888.75 "
2008-09,13.40 ,"6,296.00 ",9.10 ,"7,586.27 ",15.30 ,"3,419.56 ",13.60 ,"7,121.95 ",10.20 ,"2,210.14 ",10.40 ,"25,299.68 ",13.10 ,"4,701.51 ",8.60 ,"2,210.27 ",10.30 ,"1,062.75 ",10.40 ,"11,822.50 ",13.50 ,"13,902.26 ",12.20 ,"5,351.00 ",14.20 ,"7,913.49 ",12.60 ,"7,694.80 ",16.00 ,"4,008.48 ",13.10 ,"21,840.63 ",13.00 ,"4,560.94 ",13.80 ,"8,814.68 ",18.70 ,"5,169.35 ",12.40 ,761.20 ,13.20 ,683.65 ,13.10 ,"22,506.94 ",11.60 ,"5,105.73 ",16.10 ,"4,603.21 ",10.10 ,"9,929.52 ",9.50 ,"9,057.70 ",16.40 ,"4,623.93 ",9.10 ,277.32 ,11.10 ,"3,125.07 ",11.00 ,"3,885.28 ",10.60 ,"15,301.90 "
2008-12,12.67 ,"8,851.66 ",9.10 ,"11,115.00 ",14.50 ,"5,793.66 ",13.00 ,"10,823.01 ",10.14 ,"3,166.82 ",10.40 ,"36,796.71 ",12.81 ,"7,021.00 ",11.30 ,"3,561.56 ",10.30 ,"1,503.06 ",10.10 ,"16,011.97 ",12.11 ,"18,018.53 ",11.76 ,"8,314.37 ",13.40 ,"11,328.92 ",14.10 ,"11,627.61 ",16.00 ,"6,426.10 ",12.70 ,"30,981.98 ",13.24 ,"6,971.05 ",13.40 ,"13,668.58 ",17.82 ,"8,496.20 ",12.58 ,"1,203.92 ",13.50 ,"1,018.62 ",12.02 ,"30,933.28 ",8.50 ,"7,315.40 ",16.40 ,"7,314.58 ",9.70 ,"14,069.86 ",11.00 ,"12,601.23 ",16.49 ,"6,719.01 ",10.15 ,394.85 ,10.97 ,"4,183.21 ",10.60 ,"5,692.12 ",10.05 ,"21,462.69 "
2009-03,11.60 ,"1,885.30 ",6.10 ,"2,511.90 ",9.00 ,"1,032.20 ",7.40 ,"1,965.06 ",4.20 ,589.13 ,5.80 ,"7,947.85 ",12.90 ,"1,552.38 ",15.90 ,578.22 ,8.70 ,332.41 ,8.50 ,"3,023.50 ",6.60 ,"4,067.44 ",6.00 ,"1,460.00 ",10.20 ,"2,423.15 ",13.10 ,"2,409.34 ",9.10 ,"1,155.21 ",10.20 ,"6,653.17 ",10.20 ,"1,281.10 ",9.60 ,"2,642.23 ",15.80 ,"1,471.07 ",3.40 ,204.53 ,8.00 ,180.69 ,7.00 ,"6,469.32 ",-8.10 ,"1,309.21 ",10.20 ,"1,417.62 ",3.41 ,"3,296.42 ",10.80 ,"2,815.04 ",16.00 ,"1,416.93 ",7.30 ,79.54 ,6.50 ,547.96 ,7.30 ,"1,219.44 ",3.40 ,"4,632.10 "
2009-06,11.80 ,"4,512.90 ",7.80 ,"5,308.40 ",12.50 ,"2,320.47 ",8.60 ,"4,747.44 ",6.20 ,"1,264.13 ",7.10 ,"17,245.03 ",13.50 ,"3,225.75 ",9.70 ,"1,496.27 ",9.30 ,754.15 ,8.70 ,"7,513.60 ",8.20 ,"8,962.80 ",8.90 ,"3,231.00 ",11.30 ,"5,378.05 ",12.80 ,"5,350.21 ",11.70 ,"2,572.32 ",11.20 ,"15,530.50 ",10.60 ,"2,907.80 ",11.50 ,"5,920.62 ",16.20 ,"3,512.84 ",7.60 ,475.77 ,8.50 ,429.42 ,9.90 ,"15,688.53 ",-4.40 ,"3,105.99 ",11.80 ,"3,187.02 ",6.31 ,"6,935.78 ",13.50 ,"6,015.02 ",16.20 ,"3,154.85 ",10.30 ,177.72 ,6.30 ,"1,321.45 ",7.70 ,"2,510.75 ",6.30 ,"10,043.50 "
2009-09,12.90 ,"7,200.50 ",9.50 ,"8,161.40 ",13.40 ,"3,793.38 ",10.20 ,"7,584.29 ",9.00 ,"2,287.54 ",8.60 ,"27,512.95 ",13.70 ,"5,074.18 ",9.90 ,"2,361.98 ",9.80 ,"1,129.15 ",9.60 ,"12,212.90 ",9.30 ,"14,561.50 ",9.80 ,"4,955.00 ",12.50 ,"8,656.84 ",13.10 ,"8,382.07 ",12.10 ,"4,347.45 ",11.70 ,"23,915.19 ",11.00 ,"4,800.90 ",12.70 ,"9,472.96 ",16.90 ,"5,895.51 ",9.50 ,835.55 ,8.90 ,703.24 ,10.50 ,"23,959.71 ",0.50 ,"4,819.07 ",12.90 ,"5,097.06 ",7.85 ,"10,715.08 ",13.50 ,"10,057.67 ",16.30 ,"4,997.02 ",11.40 ,306.30 ,6.40 ,"2,824.93 ",10.70 ,"4,090.85 ",7.70 ,"15,828.10 "
2009-12,12.95 ,"10,062.82 ",10.19 ,"12,153.03 ",14.95 ,"6,530.01 ",12.31 ,"12,236.53 ",10.29 ,"3,387.56 ",9.65 ,"39,482.56 ",13.94 ,"7,759.16 ",11.44 ,"3,912.68 ",11.68 ,"1,654.21 ",10.03 ,"17,235.48 ",10.92 ,"19,480.46 ",11.40 ,"8,587.00 ",13.50 ,"12,961.10 ",13.90 ,"13,156.27 ",13.63 ,"7,278.75 ",12.45 ,"34,457.30 ",13.12 ,"7,655.18 ",13.11 ,"15,212.49 ",16.90 ,"9,740.25 ",11.92 ,"1,353.31 ",10.14 ,"1,081.27 ",12.18 ,"33,896.65 ",5.40 ,"7,358.31 ",13.62 ,"8,169.80 ",8.25 ,"15,046.45 ",14.45 ,"14,151.28 ",16.55 ,"7,521.85 ",12.38 ,441.36 ,8.07 ,"4,277.05 ",12.07 ,"6,169.75 ",8.94 ,"22,990.35 "
2010-03,14.90 ,"2,303.28 ",14.90 ,"3,117.00 ",19.30 ,"1,698.85 ",15.30 ,"2,339.71 ",15.90 ,731.66 ,12.50 ,"9,128.82 ",13.80 ,"1,845.81 ",12.20 ,700.92 ,25.10 ,479.67 ,13.30 ,"3,665.20 ",15.70 ,"4,752.01 ",12.80 ,"1,860.00 ",15.90 ,"2,934.37 ",13.60 ,"2,956.22 ",18.90 ,"1,443.59 ",15.40 ,"8,203.53 ",14.40 ,"1,754.67 ",15.30 ,"3,554.91 ",17.50 ,"1,981.72 ",19.00 ,281.97 ,13.50 ,239.76 ,15.20 ,"7,672.19 ",19.40 ,"1,807.73 ",18.20 ,"1,936.87 ",15.63 ,"3,883.05 ",17.70 ,"3,451.80 ",18.10 ,"1,842.40 ",8.90 ,86.73 ,11.40 ,744.46 ,15.00 ,"1,490.06 ",15.00 ,"5,363.30 "
2010-06,15.40 ,"5,537.20 ",12.00 ,"6,372.60 ",17.60 ,"3,634.61 ",14.80 ,"5,727.60 ",13.30 ,"1,565.64 ",11.20 ,"20,303.52 ",13.60 ,"3,833.21 ",10.30 ,"1,855.63 ",19.40 ,"1,018.19 ",14.10 ,"9,083.50 ",13.50 ,"10,461.25 ",12.90 ,"4,202.00 ",15.70 ,"6,896.65 ",15.10 ,"6,805.39 ",16.80 ,"3,180.10 ",13.20 ,"19,114.10 ",14.40 ,"4,001.20 ",14.60 ,"8,205.50 ",15.80 ,"4,690.29 ",17.10 ,655.99 ,14.30 ,566.65 ,13.60 ,"18,645.92 ",17.50 ,"4,143.38 ",16.10 ,"4,262.57 ",13.27 ,"8,128.04 ",16.30 ,"7,465.93 ",18.00 ,"4,106.48 ",11.20 ,203.20 ,10.70 ,"1,718.06 ",13.80 ,"3,037.61 ",11.70 ,"11,761.51 "
2010-09,14.70 ,"8,820.80 ",10.10 ,"9,754.40 ",17.10 ,"5,631.67 ",14.10 ,"9,085.47 ",11.60 ,"2,816.73 ",11.60 ,"32,018.30 ",13.90 ,"6,030.17 ",11.50 ,"2,960.60 ",17.60 ,"1,500.42 ",13.10 ,"14,641.20 ",12.30 ,"16,937.95 ",13.40 ,"6,450.50 ",14.90 ,"11,093.96 ",14.80 ,"10,583.27 ",14.70 ,"5,281.59 ",13.00 ,"29,351.53 ",14.30 ,"6,533.20 ",14.40 ,"13,055.90 ",14.80 ,"7,759.11 ",15.50 ,"1,158.30 ",15.30 ,929.30 ,12.90 ,"28,261.87 ",15.70 ,"6,262.61 ",14.90 ,"6,743.42 ",11.87 ,"12,332.03 ",15.20 ,"12,327.58 ",17.90 ,"6,448.59 ",12.20 ,354.05 ,10.60 ,"3,582.76 ",11.60 ,"4,805.21 ",12.50 ,"18,765.14 "
2010-12,14.60 ,"12,359.33 ",10.30 ,"14,113.58 ",17.10 ,"7,925.58 ",13.90 ,"14,737.12 ",11.80 ,"4,120.75 ",12.40 ,"46,013.06 ",14.20 ,"9,569.85 ",12.80 ,"4,602.16 ",16.00 ,"2,064.50 ",12.20 ,"20,394.26 ",12.50 ,"23,092.36 ",12.70 ,"10,368.60 ",14.80 ,"15,967.61 ",14.60 ,"16,153.25 ",13.80 ,"8,667.58 ",12.70 ,"41,425.48 ",14.00 ,"9,451.26 ",14.20 ,"18,457.27 ",15.00 ,"11,672.00 ",13.50 ,"1,689.65 ",15.30 ,"1,350.43 ",12.30 ,"39,169.92 ",13.90 ,"9,200.86 ",14.60 ,"10,123.48 ",10.30 ,"17,165.98 ",15.10 ,"17,185.48 ",17.40 ,"9,224.46 ",12.30 ,507.46 ,10.60 ,"5,437.47 ",12.30 ,"7,224.18 ",11.90 ,"27,722.31 "
2011-03,13.80 ,"2,843.23 ",8.60 ,"3,509.00 ",16.30 ,"2,061.11 ",14.50 ,"2,930.73 ",10.80 ,883.07 ,10.50 ,"10,549.74 ",12.10 ,"2,247.86 ",14.80 ,849.75 ,10.00 ,575.53 ,11.20 ,"4,396.10 ",10.80 ,"5,615.44 ",12.00 ,"2,180.00 ",14.40 ,"3,592.36 ",13.90 ,"3,646.60 ",12.70 ,"1,707.97 ",11.60 ,"9,902.13 ",13.00 ,"2,160.68 ",12.80 ,"4,246.19 ",13.70 ,"2,391.71 ",9.70 ,334.99 ,12.30 ,288.14 ,11.00 ,"9,049.63 ",12.80 ,"2,200.87 ",13.60 ,"2,343.39 ",8.50 ,"4,327.63 ",15.00 ,"4,257.59 ",16.50 ,"2,256.51 ",19.80 ,115.43 ,11.50 ,920.50 ,12.50 ,"1,739.08 ",10.40 ,"6,311.24 "
2011-06,13.40 ,"6,883.31 ",8.00 ,"7,418.10 ",16.50 ,"4,450.37 ",13.00 ,"7,042.53 ",13.30 ,"1,940.65 ",10.20 ,"24,248.35 ",12.30 ,"4,720.10 ",15.30 ,"2,278.06 ",10.40 ,"1,222.28 ",11.10 ,"10,992.43 ",11.20 ,"12,404.68 ",12.10 ,"5,067.00 ",14.10 ,"8,571.47 ",13.40 ,"8,762.66 ",14.10 ,"3,890.44 ",11.40 ,"22,918.26 ",13.00 ,"4,932.26 ",13.00 ,"9,948.45 ",15.00 ,"5,804.83 ",11.50 ,811.53 ,13.30 ,689.09 ,11.10 ,"21,880.83 ",13.30 ,"5,134.34 ",13.70 ,"5,217.29 ",8.40 ,"9,164.10 ",14.80 ,"9,370.57 ",16.60 ,"5,098.65 ",16.50 ,250.84 ,11.70 ,"2,187.52 ",13.10 ,"3,603.13 ",9.90 ,"14,653.60 "
2011-09,13.80 ,"11,078.10 ",8.00 ,"11,404.30 ",16.50 ,"7,003.73 ",12.30 ,"11,030.05 ",12.80 ,"3,471.40 ",10.10 ,"38,046.78 ",12.30 ,"7,438.04 ",15.00 ,"3,632.96 ",10.60 ,"1,818.15 ",11.30 ,"17,821.90 ",11.40 ,"20,370.43 ",12.40 ,"7,836.30 ",14.00 ,"13,578.42 ",12.90 ,"13,625.29 ",14.40 ,"6,526.69 ",11.20 ,"35,113.06 ",12.80 ,"8,086.80 ",12.50 ,"15,709.20 ",14.80 ,"9,571.89 ",11.40 ,"1,442.00 ",13.60 ,"1,130.56 ",11.10 ,"33,030.90 ",13.20 ,"7,906.51 ",13.70 ,"8,234.13 ",8.30 ,"13,725.64 ",14.70 ,"15,468.28 ",16.50 ,"8,006.26 ",12.80 ,435.40 ,11.10 ,"4,394.08 ",13.40 ,"5,772.68 ",9.50 ,"22,627.40 "
2011-12,13.50 ,"15,300.65 ",8.10 ,"16,251.93 ",16.40 ,"10,011.37 ",12.30 ,"17,560.18 ",12.52 ,"5,020.37 ",10.00 ,"53,210.28 ",12.30 ,"11,720.87 ",15.00 ,"5,701.84 ",12.00 ,"2,522.66 ",11.30 ,"24,515.76 ",11.90 ,"26,931.03 ",12.30 ,"12,582.00 ",13.80 ,"19,632.26 ",12.80 ,"19,669.56 ",13.80 ,"10,568.83 ",11.00 ,"49,110.27 ",12.50 ,"11,702.82 ",12.20 ,"22,226.70 ",14.30 ,"14,359.88 ",12.10 ,"2,102.21 ",13.50 ,"1,670.44 ",10.90 ,"45,361.85 ",13.00 ,"11,237.55 ",13.90 ,"12,512.30 ",8.20 ,"19,195.69 ",15.00 ,"21,026.68 ",16.40 ,"11,307.28 ",12.70 ,605.83 ,12.00 ,"6,610.05 ",13.70 ,"8,893.12 ",9.00 ,"32,318.85 "
2012-03,12.30 ,"3,289.40 ",7.00 ,"3,761.50 ",14.40 ,"2,523.87 ",10.90 ,"3,311.67 ",12.50 ,"1,012.95 ",7.20 ,"11,510.80 ",11.50 ,"2,546.72 ",14.70 ,"1,071.25 ",8.00 ,652.60 ,9.70 ,"4,919.97 ",11.30 ,"6,428.70 ",9.10 ,"2,461.30 ",12.40 ,"4,233.88 ",11.90 ,"4,218.98 ",12.40 ,"1,972.46 ",9.80 ,"10,881.46 ",11.00 ,"2,455.54 ",10.20 ,"4,811.74 ",11.20 ,"2,704.34 ",12.00 ,385.86 ,11.40 ,322.00 ,9.70 ,"10,089.06 ",10.30 ,"2,494.07 ",13.00 ,"2,755.72 ",7.00 ,"4,593.85 ",13.10 ,"4,943.28 ",14.70 ,"2,582.60 ",11.40 ,132.74 ,11.20 ,"1,048.95 ",10.80 ,"1,991.61 ",7.10 ,"6,724.60 "
2012-06,12.00 ,"7,781.90 ",7.20 ,"8,348.60 ",14.00 ,"5,307.19 ",11.30 ,"7,982.63 ",12.30 ,"2,152.47 ",7.40 ,"26,200.92 ",11.40 ,"5,329.54 ",14.00 ,"2,790.88 ",8.10 ,"1,371.48 ",9.50 ,"12,219.21 ",10.30 ,"13,530.55 ",9.20 ,"5,416.69 ",11.70 ,"9,885.40 ",11.50 ,"9,909.42 ",12.10 ,"4,437.97 ",9.90 ,"25,382.81 ",10.50 ,"5,403.60 ",9.20 ,"11,228.10 ",12.00 ,"6,673.15 ",11.40 ,930.52 ,12.30 ,797.59 ,9.70 ,"24,118.06 ",10.10 ,"5,785.87 ",13.00 ,"6,116.00 ",7.20 ,"9,552.24 ",13.00 ,"10,603.91 ",14.10 ,"5,864.94 ",11.30 ,287.21 ,10.70 ,"2,493.91 ",11.70 ,"4,165.74 ",7.40 ,"15,790.40 "
2012-09,12.00 ,"12,516.30 ",7.50 ,"12,678.10 ",13.80 ,"8,158.00 ",11.40 ,"12,470.57 ",12.30 ,"3,804.28 ",7.90 ,"40,685.76 ",11.20 ,"8,296.01 ",13.80 ,"4,400.08 ",8.40 ,"2,026.38 ",9.30 ,"19,581.90 ",10.00 ,"22,171.49 ",9.60 ,"8,391.78 ",11.20 ,"15,390.00 ",11.20 ,"15,339.15 ",12.10 ,"7,382.56 ",10.10 ,"38,796.36 ",10.60 ,"9,004.20 ",9.30 ,"17,643.70 ",11.60 ,"10,803.26 ",11.00 ,"1,605.77 ",12.30 ,"1,298.93 ",9.70 ,"36,235.21 ",10.00 ,"8,712.89 ",12.70 ,"9,568.34 ",7.40 ,"14,374.23 ",12.80 ,"17,536.51 ",13.90 ,"9,188.45 ",11.40 ,498.72 ,11.50 ,"4,920.69 ",12.60 ,"6,700.30 ",7.70 ,"24,214.80 "
2012-12,12.10 ,"17,212.05 ",7.70 ,"17,879.40 ",13.60 ,"11,409.60 ",11.40 ,"19,701.78 ",12.60 ,"5,650.20 ",8.20 ,"57,067.92 ",11.30 ,"13,035.10 ",13.60 ,"6,852.20 ",9.10 ,"2,855.54 ",9.60 ,"26,575.01 ",10.10 ,"29,599.31 ",10.00 ,"13,691.58 ",11.30 ,"22,250.45 ",11.30 ,"22,154.23 ",12.00 ,"11,939.24 ",10.10 ,"54,058.22 ",11.00 ,"12,948.88 ",9.50 ,"24,846.43 ",11.50 ,"15,880.58 ",11.50 ,"2,341.29 ",12.30 ,"1,893.54 ",9.80 ,"50,013.24 ",10.10 ,"12,112.83 ",12.90 ,"14,453.68 ",7.50 ,"20,181.72 ",12.60 ,"23,872.80 ",13.80 ,"12,893.88 ",11.80 ,701.03 ,12.00 ,"7,505.31 ",13.00 ,"10,309.47 ",8.00 ,"34,665.33 "
2013-03,11.20 ,"3,652.40 ",7.90 ,"4,101.20 ",12.50 ,"2,725.90 ",11.30 ,"3,713.44 ",12.10 ,"1,065.38 ",8.50 ,"12,612.88 ",10.50 ,"2,779.39 ",12.60 ,"1,231.86 ",10.50 ,734.62 ,9.10 ,"5,312.15 ",8.40 ,"6,993.68 ",9.00 ,"2,608.70 ",9.70 ,"4,699.47 ",10.10 ,"4,658.82 ",10.20 ,"2,166.02 ",9.70 ,"11,881.25 ",10.30 ,"2,712.30 ",9.00 ,"5,296.20 ",9.90 ,"2,943.92 ",8.60 ,415.69 ,10.10 ,356.81 ,9.70 ,"11,076.48 ",9.50 ,"2,610.08 ",11.20 ,"3,069.41 ",7.80 ,"4,937.50 ",10.20 ,"5,436.95 ",12.50 ,"2,915.85 ",12.00 ,152.87 ,10.30 ,"1,157.20 ",12.60 ,"2,260.42 ",8.30 ,"7,261.50 "
2013-06,10.90 ,"8,591.30 ",7.70 ,"9,112.80 ",12.40 ,"5,840.51 ",11.30 ,"8,855.26 ",11.30 ,"2,349.57 ",8.50 ,"28,465.92 ",10.20 ,"5,810.18 ",12.50 ,"3,249.85 ",10.30 ,"1,516.69 ",8.70 ,"13,154.60 ",8.40 ,"14,556.63 ",8.70 ,"5,545.10 ",9.70 ,"10,949.30 ",10.00 ,"10,921.81 ",9.00 ,"4,808.01 ",9.60 ,"27,603.98 ",10.20 ,"5,901.63 ",9.00 ,"12,334.70 ",9.00 ,"7,087.55 ",9.00 ,"1,008.16 ",10.10 ,888.61 ,9.60 ,"25,958.15 ",9.00 ,"6,016.58 ",11.00 ,"6,777.73 ",7.70 ,"10,168.52 ",10.10 ,"11,655.05 ",12.50 ,"6,579.01 ",12.00 ,329.59 ,10.50 ,"2,771.10 ",12.40 ,"4,640.59 ",8.30 ,"16,953.90 "
2013-09,10.70 ,"13,613.86 ",7.70 ,"13,766.18 ",12.40 ,"8,637.10 ",11.30 ,"13,887.63 ",11.00 ,"4,159.55 ",8.50 ,"44,471.53 ",10.20 ,"9,007.22 ",12.60 ,"5,110.66 ",10.10 ,"2,224.57 ",8.50 ,"20,947.32 ",8.70 ,"23,516.02 ",8.40 ,"8,748.81 ",10.00 ,"17,099.64 ",10.20 ,"16,913.58 ",8.80 ,"8,014.61 ",9.60 ,"41,934.30 ",10.10 ,"9,874.28 ",8.70 ,"19,263.93 ",9.00 ,"11,338.00 ",9.50 ,"1,757.76 ",10.60 ,"1,432.46 ",9.60 ,"39,601.68 ",9.00 ,"9,028.99 ",11.10 ,"10,579.43 ",7.70 ,"15,474.13 ",10.00 ,"19,138.94 ",12.60 ,"10,223.04 ",12.00 ,575.73 ,10.80 ,"5,451.35 ",12.10 ,"7,545.74 ",8.30 ,"26,195.03 "
2013-12,10.40 ,"19,229.34 ",7.70 ,"19,800.81 ",12.30 ,"12,783.26 ",11.00 ,"21,868.49 ",10.80 ,"6,330.69 ",8.50 ,"62,474.79 ",10.20 ,"14,449.90 ",12.50 ,"8,086.86 ",9.90 ,"3,177.56 ",8.20 ,"28,442.95 ",9.00 ,"32,191.30 ",8.00 ,"14,454.91 ",10.10 ,"24,791.83 ",10.10 ,"24,621.67 ",8.30 ,"13,046.40 ",9.60 ,"59,753.37 ",10.10 ,"14,410.19 ",8.70 ,"27,213.22 ",9.00 ,"16,916.50 ",9.80 ,"2,577.57 ",10.80 ,"2,122.06 ",9.60 ,"55,230.32 ",8.90 ,"12,665.25 ",11.00 ,"16,205.45 ",7.70 ,"21,818.15 ",10.00 ,"26,392.07 ",12.50 ,"14,442.01 ",12.10 ,815.67 ,11.00 ,"8,443.84 ",12.10 ,"11,832.31 ",8.20 ,"37,756.58 "
2014-03,9.60 ,"3,971.15 ",7.10 ,"4,412.95 ",10.90 ,"2,982.71 ",9.40 ,"4,037.73 ",7.90 ,"1,098.27 ",7.20 ,"13,636.91 ",8.00 ,"3,014.36 ",10.80 ,"1,421.15 ",7.30 ,815.05 ,4.20 ,"5,426.83 ",8.70 ,"7,456.88 ",4.10 ,"2,644.96 ",9.20 ,"5,137.26 ",9.20 ,"5,042.72 ",7.00 ,"2,305.10 ",8.80 ,"12,892.85 ",9.30 ,"2,948.38 ",7.40 ,"5,663.64 ",7.30 ,"3,161.38 ",6.90 ,442.64 ,10.10 ,388.94 ,8.70 ,"11,994.96 ",5.50 ,"2,631.67 ",9.20 ,"3,339.16 ",7.00 ,"5,313.07 ",8.10 ,"5,878.54 ",10.60 ,"3,190.30 ",9.20 ,172.33 ,10.20 ,"1,262.25 ",7.70 ,"2,454.73 ",7.00 ,"7,768.46 "
2014-06,9.30 ,"9,350.50 ",7.20 ,"9,769.30 ",10.90 ,"6,440.51 ",9.70 ,"9,733.61 ",8.40 ,"2,491.45 ",7.50 ,"30,879.09 ",8.50 ,"6,327.87 ",10.80 ,"3,780.31 ",8.00 ,"1,675.57 ",5.80 ,"13,640.00 ",8.80 ,"15,778.62 ",4.80 ,"5,672.30 ",9.50 ,"12,061.99 ",9.30 ,"11,975.10 ",6.80 ,"5,141.70 ",8.90 ,"30,115.00 ",9.50 ,"6,464.95 ",7.20 ,"13,207.50 ",7.60 ,"7,338.66 ",7.40 ,"1,071.94 ",10.20 ,966.47 ,8.80 ,"28,080.26 ",6.10 ,"6,097.80 ",9.70 ,"7,422.65 ",7.10 ,"10,952.64 ",8.50 ,"12,697.39 ",10.30 ,"7,185.46 ",10.70 ,369.34 ,10.00 ,"3,007.18 ",8.40 ,"5,010.33 ",7.20 ,"17,978.21 "
2014-09,9.10 ,"14,709.50 ",7.30 ,"14,774.06 ",10.80 ,"9,500.83 ",9.50 ,"15,212.75 ",8.50 ,"4,430.89 ",7.60 ,"48,130.36 ",8.30 ,"9,792.20 ",10.70 ,"6,169.53 ",8.70 ,"2,453.50 ",6.20 ,"21,709.99 ",8.50 ,"25,445.43 ",5.20 ,"8,987.03 ",9.50 ,"18,874.15 ",9.20 ,"18,531.24 ",6.50 ,"8,449.09 ",8.80 ,"45,642.77 ",9.50 ,"10,797.91 ",6.20 ,"20,361.68 ",7.70 ,"11,709.03 ",7.60 ,"1,880.27 ",9.50 ,"1,541.28 ",8.70 ,"42,814.23 ",5.60 ,"9,109.90 ",9.60 ,"11,567.42 ",7.00 ,"16,607.08 ",8.50 ,"20,681.54 ",10.00 ,"11,101.31 ",10.70 ,661.56 ,9.80 ,"5,884.48 ",8.00 ,"8,212.42 ",7.40 ,"27,822.19 "
2014-12,9.20 ,"20,848.75 ",7.30 ,"21,330.83 ",10.90 ,"14,262.60 ",9.90 ,"24,055.76 ",8.90 ,"6,836.82 ",7.80 ,"67,809.85 ",8.50 ,"15,672.89 ",10.80 ,"9,266.39 ",8.50 ,"3,500.72 ",6.50 ,"29,421.15 ",8.90 ,"34,938.24 ",5.60 ,"15,039.38 ",9.70 ,"27,379.22 ",9.50 ,"27,037.32 ",6.50 ,"13,803.14 ",8.70 ,"65,088.32 ",9.70 ,"15,714.63 ",5.80 ,"28,626.58 ",7.80 ,"17,770.19 ",8.00 ,"2,752.10 ",9.20 ,"2,303.32 ",8.70 ,"59,426.59 ",4.90 ,"12,761.49 ",9.70 ,"17,689.94 ",7.00 ,"23,567.70 ",8.50 ,"28,536.66 ",10.00 ,"15,726.93 ",10.80 ,920.83 ,10.00 ,"9,273.46 ",8.10 ,"12,814.59 ",7.60 ,"40,173.03 "
2015-03,8.60 ,"4,238.27 ",6.80 ,"4,773.46 ",10.70 ,"3,306.69 ",8.50 ,"4,355.87 ",7.80 ,"1,129.68 ",7.20 ,"14,948.57 ",7.60 ,"3,226.02 ",10.40 ,"1,659.39 ",4.70 ,840.05 ,6.20 ,"6,029.46 ",7.00 ,"7,720.21 ",4.80 ,"2,561.01 ",8.50 ,"5,487.93 ",8.40 ,"5,392.25 ",5.80 ,"2,391.06 ",8.40 ,"14,620.67 ",8.80 ,"3,406.16 ",1.90 ,"5,719.10 ",7.00 ,"3,274.50 ",7.00 ,460.64 ,7.50 ,425.78 ,7.80 ,"12,931.54 ",2.50 ,"2,577.24 ",6.90 ,"3,471.91 ",6.60 ,"5,815.79 ",7.40 ,"6,234.51 ",9.30 ,"3,709.03 ",10.00 ,200.13 ,6.90 ,"1,209.75 ",7.20 ,"2,613.67 ",8.20 ,"8,342.38 "
2015-06,8.60 ,"9,976.57 ",7.00 ,"10,578.28 ",11.00 ,"7,237.90 ",8.60 ,"10,468.34 ",8.00 ,"2,612.88 ",7.70 ,"34,526.64 ",8.00 ,"6,769.45 ",10.70 ,"4,351.07 ",7.60 ,"1,808.57 ",6.60 ,"13,798.13 ",7.80 ,"16,736.55 ",5.10 ,"5,435.25 ",8.70 ,"13,104.78 ",8.50 ,"12,800.44 ",6.10 ,"5,370.21 ",8.50 ,"33,926.90 ",9.00 ,"7,203.46 ",2.60 ,"13,004.97 ",6.90 ,"7,424.90 ",7.40 ,"1,128.03 ",7.90 ,"1,011.28 ",7.80 ,"29,731.68 ",2.70 ,"5,814.18 ",7.30 ,"7,898.36 ",7.00 ,"11,887.00 ",8.00 ,"13,300.06 ",9.40 ,"7,884.04 ",9.10 ,418.98 ,8.20 ,"3,649.48 ",8.00 ,"5,417.50 ",8.30 ,"19,280.69 "
2015-09,8.70 ,"15,628.23 ",6.70 ,"16,002.35 ",11.00 ,"11,252.67 ",9.00 ,"16,398.67 ",8.00 ,"4,630.46 ",7.90 ,"52,522.38 ",8.10 ,"10,430.75 ",10.80 ,"7,195.58 ",8.20 ,"2,643.53 ",6.50 ,"21,280.18 ",8.20 ,"26,927.01 ",5.50 ,"8,790.90 ",8.80 ,"20,423.41 ",8.70 ,"20,250.50 ",6.30 ,"8,896.90 ",8.50 ,"51,202.37 ",9.20 ,"11,568.57 ",2.70 ,"20,404.60 ",7.50 ,"12,092.76 ",7.60 ,"1,987.32 ",8.30 ,"1,633.66 ",8.00 ,"45,712.59 ",2.80 ,"9,003.26 ",7.60 ,"12,334.66 ",6.80 ,"17,866.24 ",8.00 ,"22,120.37 ",9.40 ,"12,321.02 ",11.00 ,742.26 ,8.40 ,"6,411.40 ",8.30 ,"8,897.37 ",8.00 ,"29,684.23 "
2015-12,8.71 ,"22,005.63 ",6.90 ,"23,014.59 ",11.00 ,"15,717.27 ",9.00 ,"25,979.82 ",8.08 ,"6,790.32 ",8.00 ,"72,812.55 ",8.10 ,"16,803.12 ",10.70 ,"10,502.56 ",7.80 ,"3,702.76 ",6.80 ,"29,806.11 ",8.30 ,"37,002.16 ",5.70 ,"15,083.67 ",8.85 ,"29,550.19 ",8.50 ,"28,902.21 ",6.30 ,"14,063.13 ",8.53 ,"70,116.38 ",9.10 ,"16,723.78 ",3.00 ,"28,669.02 ",7.70 ,"18,032.79 ",8.00 ,"2,911.77 ",8.20 ,"2,417.05 ",7.95 ,"63,002.33 ",3.10 ,"12,766.49 ",7.85 ,"18,021.86 ",6.94 ,"25,123.45 ",7.90 ,"30,053.10 ",9.30 ,"16,538.19 ",11.01 ,"1,026.39 ",8.80 ,"9,324.80 ",8.70 ,"13,619.17 ",7.96 ,"42,886.49 "
2016-03,8.60 ,"4,647.26 ",6.90 ,"5,451.89 ",10.70 ,"3,772.73 ",8.30 ,"5,784.80 ",7.30 ,"1,235.97 ",7.30 ,"17,272.24 ",7.00 ,"3,480.32 ",10.30 ,"2,102.97 ",9.70 ,944.57 ,6.50 ,"6,487.44 ",8.20 ,"8,284.26 ",5.10 ,"2,601.71 ",8.10 ,"6,456.23 ",7.30 ,"6,318.99 ",6.20 ,"2,484.68 ",8.30 ,"16,509.04 ",9.10 ,"3,766.91 ",-1.30 ,"5,647.10 ",7.20 ,"3,495.54 ",6.90 ,508.06 ,8.30 ,456.51 ,7.30 ,"14,914.77 ",3.00 ,"2,465.99 ",7.60 ,"3,849.22 ",6.70 ,"6,225.39 ",7.40 ,"6,703.70 ",9.10 ,"4,039.44 ",10.70 ,238.54 ,6.90 ,"1,546.16 ",6.60 ,"2,764.86 ",7.20 ,"9,356.20 "
2016-06,8.60 ,"11,028.49 ",6.70 ,"11,413.83 ",10.60 ,"8,000.82 ",8.30 ,"11,815.51 ",7.80 ,"2,720.99 ",7.40 ,"37,357.59 ",7.20 ,"7,311.64 ",10.50 ,"4,936.61 ",8.10 ,"2,008.95 ",6.60 ,"14,467.69 ",8.00 ,"17,954.90 ",5.70 ,"5,630.29 ",8.20 ,"14,114.76 ",7.60 ,"13,613.48 ",6.70 ,"5,604.85 ",8.20 ,"36,531.73 ",9.10 ,"7,827.37 ",-1.00 ,"12,812.57 ",7.10 ,"7,579.98 ",7.90 ,"1,203.72 ",8.30 ,"1,068.98 ",7.30 ,"31,688.29 ",3.40 ,"5,714.00 ",7.20 ,"8,207.85 ",6.70 ,"12,956.99 ",7.50 ,"14,222.33 ",9.20 ,"8,500.91 ",10.60 ,471.96 ,8.00 ,"3,819.98 ",6.60 ,"5,806.57 ",7.70 ,"20,762.33 "
2016-09,8.70 ,"17,131.95 ",6.70 ,"17,367.77 ",10.70 ,"12,505.05 ",8.40 ,"18,287.01 ",7.50 ,"4,769.45 ",7.30 ,"57,061.17 ",7.00 ,"11,345.53 ",10.50 ,"8,135.38 ",7.40 ,"2,880.88 ",6.80 ,"22,496.12 ",8.10 ,"28,840.57 ",6.00 ,"9,231.56 ",8.10 ,"22,198.40 ",7.60 ,"21,771.08 ",6.90 ,"9,298.11 ",8.10 ,"55,281.46 ",9.10 ,"12,587.30 ",-2.20 ,"19,952.81 ",7.10 ,"12,690.14 ",8.00 ,"2,120.31 ",8.20 ,"1,741.38 ",7.50 ,"48,703.82 ",4.00 ,"8,945.55 ",7.30 ,"12,879.97 ",6.70 ,"19,529.67 ",7.50 ,"23,793.60 ",9.10 ,"13,339.44 ",10.70 ,829.20 ,7.90 ,"6,717.79 ",7.60 ,"9,536.94 ",7.50 ,"32,234.33 "
2016-12,8.69 ,"24,407.62 ",6.79 ,"25,669.13 ",10.70 ,"17,740.59 ",8.40 ,"28,810.58 ",7.60 ,"7,200.37 ",7.50 ,"80,854.91 ",7.30 ,"18,317.64 ",10.53 ,"11,776.73 ",7.50 ,"4,053.20 ",6.80 ,"32,070.45 ",8.14 ,"40,471.79 ",6.10 ,"15,386.09 ",8.10 ,"32,665.38 ",8.00 ,"31,551.37 ",6.90 ,"14,776.80 ",7.80 ,"77,388.28 ",9.00 ,"18,499.00 ",-2.50 ,"22,246.90 ",7.20 ,"18,128.10 ",8.10 ,"3,168.59 ",8.00 ,"2,572.49 ",7.60 ,"68,024.49 ",4.50 ,"13,050.41 ",7.60 ,"19,399.59 ",6.90 ,"28,178.65 ",7.80 ,"32,934.54 ",9.10 ,"17,885.39 ",10.10 ,"1,151.41 ",7.60 ,"9,649.70 ",8.70 ,"14,788.42 ",7.55 ,"47,251.36 "
2017-03,8.40 ,"5,826.82 ",6.90 ,"6,040.48 ",10.50 ,"4,306.74 ",8.60 ,"6,535.19 ",6.10 ,"1,388.75 ",7.80 ,"19,438.05 ",6.30 ,"3,909.53 ",10.20 ,"2,504.83 ",8.90 ,"1,056.39 ",6.50 ,"7,512.43 ",8.00 ,"9,392.22 ",6.10 ,"2,797.95 ",7.60 ,"7,254.06 ",7.40 ,"7,051.11 ",5.90 ,"2,683.43 ",7.10 ,"18,822.60 ",9.00 ,"4,318.62 ",2.40 ,"4,574.72 ",7.20 ,"3,742.20 ",8.60 ,588.12 ,7.60 ,524.01 ,7.70 ,"16,653.29 ",6.10 ,"2,809.42 ",8.10 ,"4,147.22 ",6.80 ,"6,922.84 ",8.20 ,"7,552.00 ",8.00 ,"4,667.18 ",11.00 ,271.35 ,7.60 ,"1,791.85 ",9.90 ,"3,115.66 ",8.00 ,"10,551.93 "
2017-06,8.50 ,"12,645.41 ",6.80 ,"12,406.79 ",10.50 ,"9,143.64 ",8.30 ,"13,289.77 ",5.00 ,"2,993.02 ",7.80 ,"41,957.84 ",7.20 ,"8,179.81 ",10.40 ,"5,732.35 ",7.50 ,"2,198.23 ",6.80 ,"16,404.87 ",8.20 ,"20,307.72 ",6.30 ,"6,108.01 ",7.80 ,"15,871.39 ",7.60 ,"15,275.51 ",6.50 ,"6,124.22 ",7.20 ,"40,821.22 ",9.00 ,"8,961.19 ",2.10 ,"10,296.82 ",6.60 ,"8,465.71 ",8.60 ,"1,397.61 ",7.60 ,"1,204.30 ",7.70 ,"35,017.39 ",6.90 ,"6,577.91 ",8.20 ,"9,581.10 ",6.90 ,"13,908.57 ",8.20 ,"16,080.33 ",6.90 ,"9,386.87 ",10.80 ,555.41 ,7.20 ,"4,362.98 ",9.50 ,"6,447.81 ",8.00 ,"23,383.21 "
2017-09,8.30 ,"19,811.35 ",6.80 ,"19,569.76 ",10.00 ,"14,309.18 ",7.90 ,"20,674.99 ",3.60 ,"5,641.46 ",7.60 ,"64,815.38 ",7.00 ,"12,757.93 ",10.10 ,"9,499.53 ",7.50 ,"3,213.68 ",6.70 ,"25,603.47 ",8.10 ,"32,896.69 ",6.30 ,"9,901.81 ",7.80 ,"25,076.03 ",7.50 ,"24,492.29 ",5.70 ,"9,970.58 ",7.20 ,"62,604.46 ",9.00 ,"14,725.07 ",2.50 ,"16,639.40 ",5.00 ,"13,740.21 ",7.80 ,"2,449.57 ",7.00 ,"1,921.75 ",7.50 ,"54,866.80 ",7.20 ,"10,460.38 ",8.10 ,"15,202.11 ",7.00 ,"21,617.52 ",8.10 ,"27,297.19 ",6.00 ,"13,449.50 ",10.10 ,939.51 ,7.50 ,"7,656.35 ",9.00 ,"10,646.65 ",8.10 ,"36,958.03 "
2017-12,8.46 ,"27,018.00 ",6.74 ,"28,014.94 ",9.30 ,"19,424.73 ",8.10 ,"32,182.09 ",3.56 ,"7,459.90 ",7.54 ,"89,705.23 ",7.10 ,"18,523.26 ",10.20 ,"13,540.83 ",7.00 ,"4,462.54 ",6.60 ,"34,016.32 ",7.80 ,"44,552.83 ",6.36 ,"15,902.68 ",7.80 ,"35,478.09 ",8.00 ,"33,902.96 ",5.30 ,"14,944.53 ",7.15 ,"85,869.76 ",8.80 ,"20,006.31 ",4.20 ,"23,409.24 ",4.00 ,"16,096.21 ",7.80 ,"3,443.56 ",7.30 ,"2,624.83 ",7.36 ,"72,634.15 ",7.10 ,"15,528.42 ",8.00 ,"21,898.81 ",6.90 ,"30,632.99 ",8.10 ,"36,980.22 ",3.64 ,"18,549.19 ",10.04 ,"1,310.92 ",7.60 ,"10,881.96 ",9.50 ,"16,376.34 ",7.76 ,"51,768.26 "
2018-03,8.10 ,"7,487.60 ",6.80 ,"7,235.40 ",7.00 ,"4,886.76 ",7.90 ,"8,500.21 ",5.10 ,"1,752.60 ",7.00 ,"21,675.92 ",7.10 ,"4,327.85 ",10.10 ,"3,330.22 ",5.10 ,"1,079.71 ",5.90 ,"7,116.85 ",7.90 ,"10,916.30 ",5.30 ,"2,441.80 ",7.60 ,"9,139.00 ",8.00 ,"8,113.26 ",2.10 ,"2,452.60 ",7.10 ,"20,440.34 ",9.00 ,"5,048.28 ",5.00 ,"5,051.00 ",4.50 ,"3,405.10 ",7.70 ,747.94 ,7.20 ,532.58 ,6.70 ,"18,900.62 ",6.10 ,"3,455.53 ",8.50 ,"4,989.14 ",7.00 ,"8,104.28 ",8.20 ,"9,330.61 ",1.90 ,"4,959.42 ",9.30 ,344.22 ,6.70 ,"2,020.00 ",9.30 ,"3,393.06 ",7.40 ,"12,501.00 "
2018-06,8.30 ,"15,622.60 ",6.90 ,"15,279.70 ",6.50 ,"10,642.41 ",8.20 ,"17,923.14 ",4.80 ,"3,796.00 ",7.10 ,"46,059.11 ",6.20 ,"8,900.60 ",10.00 ,"7,047.95 ",5.80 ,"2,263.69 ",6.40 ,"15,364.91 ",7.80 ,"23,217.14 ",5.00 ,"5,292.80 ",7.80 ,"19,243.00 ",7.80 ,"16,827.22 ",2.40 ,"5,424.20 ",7.00 ,"43,143.32 ",9.00 ,"10,124.53 ",5.50 ,"10,835.00 ",4.80 ,"7,322.60 ",7.50 ,"1,619.20 ",5.90 ,"1,196.99 ",6.60 ,"39,658.06 ",6.70 ,"7,337.23 ",8.60 ,"10,702.55 ",7.10 ,"17,101.98 ",8.20 ,"19,656.13 ",3.40 ,"9,927.60 ",9.60 ,715.51 ,5.60 ,"4,892.47 ",9.20 ,"7,008.86 ",7.60 ,"26,526.00 "
2018-09,8.20 ,"24,286.40 ",6.80 ,"23,665.70 ",6.30 ,"15,608.62 ",8.30 ,"27,778.96 ",6.10 ,"5,899.00 ",6.90 ,"70,881.55 ",7.00 ,"14,843.80 ",9.00 ,"10,898.91 ",5.40 ,"3,504.30 ",6.50 ,"23,758.81 ",7.40 ,"35,518.62 ",4.50 ,"8,296.60 ",7.90 ,"29,863.00 ",7.80 ,"25,880.08 ",3.90 ,"8,363.10 ",6.70 ,"66,553.65 ",8.80 ,"15,592.53 ",5.30 ,"16,857.00 ",5.00 ,"11,489.70 ",6.80 ,"2,505.81 ",6.80 ,"1,926.54 ",6.50 ,"59,607.54 ",6.00 ,"11,237.45 ",8.40 ,"16,867.92 ",6.80 ,"25,604.72 ",8.10 ,"30,528.77 ",3.50 ,"14,658.36 ",8.80 ,"1,102.86 ",5.30 ,"8,502.39 ",9.10 ,"11,619.76 ",7.50 ,"41,323.00 "
2018-12,8.00 ,"34,010.90 ",6.70 ,"33,106.00 ",6.00 ,"21,588.80 ",8.30 ,"38,687.77 ",6.10 ,"8,104.10 ",6.80 ,"99,945.22 ",6.80 ,"19,627.81 ",9.10 ,"15,353.21 ",5.80 ,"4,910.69 ",6.50 ,"32,494.61 ",7.60 ,"49,935.90 ",4.50 ,"12,846.50 ",7.80 ,"42,022.00 ",7.80 ,"36,329.68 ",4.40 ,"11,253.80 ",6.70 ,"93,207.55 ",8.70 ,"22,716.50 ",5.60 ,"23,511.00 ",5.20 ,"16,140.80 ",6.80 ,"3,510.21 ",7.20 ,"2,748.00 ",6.40 ,"66,648.87 ",6.60 ,"15,958.13 ",8.30 ,"23,941.88 ",6.80 ,"36,011.82 ",8.00 ,"42,902.10 ",3.60 ,"13,362.92 ",8.90 ,"1,548.39 ",6.10 ,"12,809.39 ",8.90 ,"20,881.00 ",7.10 ,"58,003.00 "
2019-03,7.70 ,"8,167.79 ",6.40 ,"7,784.27 ",6.00 ,"5,195.00 ",8.20 ,"9,330.00 ",7.90 ,"1,918.66 ",6.60 ,"23,695.52 ",6.40 ,"4,673.73 ",9.20 ,"3,690.48 ",5.50 ,"1,168.35 ",7.40 ,"7,725.56 ",7.90 ,"11,940.99 ",4.50 ,"2,581.18 ",8.10 ,"10,085.58 ",7.60 ,"8,748.38 ",2.40 ,"2,492.34 ",6.70 ,"21,926.23 ",8.60 ,"5,448.46 ",6.10 ,"5,414.03 ",5.50 ,"3,676.02 ",7.90 ,824.94 ,5.70 ,652.73 ,5.50 ,"15,640.06 ",7.20 ,"3,747.12 ",6.30 ,"5,676.39 ",5.70 ,"8,396.96 ",7.80 ,"10,258.89 ",4.50 ,"3,103.97 ",9.10 ,373.64 ,5.30 ,"2,992.36 ",9.70 ,"5,110.92 ",7.70 ,"13,721.95 "
2019-06,8.00 ,"17,253.67 ",6.30 ,"16,443.52 ",6.20 ,"10,973.93 ",8.10 ,"19,708.73 ",6.00 ,"4,053.00 ",6.50 ,"50,054.49 ",5.90 ,"9,872.79 ",9.00 ,"7,795.79 ",5.30 ,"2,468.03 ",7.10 ,"16,319.51 ",7.70 ,"25,224.20 ",4.30 ,"5,586.52 ",8.00 ,"21,304.82 ",7.20 ,"18,480.10 ",2.00 ,"5,316.06 ",6.50 ,"46,317.03 ",8.60 ,"11,509.35 ",5.80 ,"11,579.99 ",5.50 ,"7,895.82 ",6.50 ,"1,742.61 ",5.70 ,"1,378.82 ",5.40 ,"33,038.11 ",7.20 ,"7,915.42 ",5.40 ,"11,990.81 ",5.90 ,"17,737.77 ",7.90 ,"21,670.92 ",4.60 ,"6,556.84 ",9.00 ,789.29 ,5.60 ,"6,321.07 ",9.20 ,"10,796.33 ",7.10 ,"28,986.29 "
2019-09,7.80 ,"26,700.44 ",6.20 ,"25,446.71 ",6.30 ,"16,982.40 ",8.00 ,"30,499.69 ",6.10 ,"6,272.10 ",6.40 ,"77,460.42 ",5.50 ,"15,278.36 ",8.70 ,"12,064.15 ",5.50 ,"3,819.34 ",7.00 ,"25,254.80 ",7.40 ,"39,035.00 ",4.30 ,"8,744.81 ",7.80 ,"32,969.67 ",7.80 ,"28,598.36 ",1.80 ,"8,436.48 ",6.40 ,"71,676.63 ",8.60 ,"17,810.97 ",5.70 ,"17,920.29 ",5.60 ,"12,382.99 ",6.50 ,"2,696.72 ",5.70 ,"2,133.76 ",5.40 ,"51,127.20 ",6.60 ,"12,249.29 ",5.80 ,"18,556.05 ",6.00 ,"27,449.59 ",7.80 ,"33,536.22 ",4.60 ,"10,146.86 ",8.70 ,"1,221.44 ",6.10 ,"9,781.99 ",8.80 ,"16,707.57 ",6.60 ,"44,856.91 "
2019-12,7.50 ,"37,113.98 ",6.10 ,"35,371.28 ",6.30 ,"23,605.77 ",7.60 ,"42,395.00 ",6.15 ,"8,718.30 ",6.20 ,"107,671.07 ",6.00 ,"21,237.14 ",8.30 ,"16,769.34 ",5.80 ,"5,308.93 ",6.80 ,"35,104.52 ",7.00 ,"54,259.20 ",4.20 ,"13,612.68 ",7.50 ,"45,828.31 ",7.60 ,"39,752.12 ",3.00 ,"11,726.82 ",6.10 ,"99,631.52 ",8.00 ,"24,757.50 ",5.50 ,"24,909.45 ",5.20 ,"17,212.53 ",6.50 ,"3,748.48 ",6.30 ,"2,965.95 ",5.50 ,"71,067.53 ",6.20 ,"17,026.68 ",6.00 ,"25,793.17 ",6.00 ,"38,155.32 ",7.50 ,"46,615.82 ",4.80 ,"14,104.28 ",8.10 ,"1,697.82 ",6.20 ,"13,597.11 ",8.10 ,"23,223.75 ",6.80 ,"62,351.74 "
2020-03,-6.50 ,"7,821.26 ",-6.60 ,"7,462.20 ",-6.50 ,"4,987.66 ",-5.20 ,"8,999.09 ",-3.40 ,"1,908.30 ",-6.70 ,"22,518.67 ",-3.30 ,"4,670.85 ",-1.90 ,"3,704.04 ",-4.50 ,"1,115.28 ",-6.20 ,"7,410.10 ",-6.70 ,"11,510.15 ",-8.30 ,"2,409.00 ",-39.18 ,"6,379.35 ",-1.90 ,"8,824.82 ",-6.60 ,"2,441.84 ",-5.00 ,"21,002.80 ",-3.80 ,"5,343.40 ",-7.70 ,"5,082.10 ",-5.80 ,"3,550.88 ",-2.80 ,808.13 ,-2.10 ,652.68 ,-5.80 ,"14,919.30 ",-4.60 ,"3,634.73 ",-5.60 ,"5,439.66 ",-6.70 ,"7,856.62 ",-3.00 ,"10,172.85 ",-9.50 ,"2,874.35 ",1.00 ,384.58 ,-0.20 ,"3,055.51 ",-4.30 ,"5,107.77 ",-5.60 ,"13,114.00 "
2020-06,0.70 ,"17,551.13 ",-3.20 ,"16,205.60 ",0.80 ,"11,209.83 ",0.50 ,"19,901.39 ",1.50 ,"4,101.90 ",-2.50 ,"49,234.20 ",0.80 ,"10,206.04 ",1.50 ,"7,985.53 ",-2.60 ,"2,383.01 ",-0.50 ,"16,387.30 ",-0.30 ,"25,608.46 ",-4.90 ,"5,250.60 ",-19.30 ,"17,480.51 ",1.30 ,"19,026.40 ",-0.40 ,"5,441.92 ",0.90 ,"46,722.92 ",0.90 ,"11,691.10 ",-3.90 ,"11,132.50 ",-3.80 ,"7,704.10 ",1.30 ,"1,763.86 ",1.00 ,"1,390.74 ",-0.20 ,"33,025.80 ",-1.40 ,"7,821.64 ",-0.30 ,"11,794.92 ",-2.60 ,"17,356.80 ",0.56 ,"22,130.27 ",-3.90 ,"6,309.28 ",5.10 ,838.38 ,3.30 ,"6,412.80 ",0.50 ,"11,129.77 ",0.50 ,"29,086.63 "
2020-09,2.50 ,"27,668.07 ",0.10 ,"25,759.50 ",2.60 ,"17,707.10 ",2.40 ,"31,331.55 ",2.80 ,"6,444.28 ",0.70 ,"78,397.07 ",2.00 ,"15,999.07 ",3.16 ,"12,650.00 ",1.10 ,"3,841.31 ",1.50 ,"25,804.37 ",0.50 ,"39,876.71 ",-1.90 ,"8,619.67 ",-10.40 ,"29,779.42 ",2.60 ,"29,780.59 ",1.50 ,"8,796.68 ",2.50 ,"73,808.77 ",2.50 ,"18,387.77 ",-1.10 ,"17,707.97 ",-1.90 ,"12,319.99 ",2.60 ,"2,796.02 ",1.20 ,"2,170.13 ",1.90 ,"52,186.01 ",1.30 ,"12,499.90 ",1.20 ,"18,681.48 ",-0.30 ,"27,301.99 ",2.40 ,"34,905.03 ",0.00 ,"10,095.43 ",6.30 ,"1,308.32 ",2.20 ,"9,819.94 ",2.70 ,"17,539.75 ",2.30 ,"45,825.92 "
2020-12,3.90 ,"38,680.63 ",1.20 ,"36,102.55 ",3.90 ,"25,002.79 ",3.30 ,"43,903.89 ",3.90 ,"9,016.70 ",2.30 ,"110,760.94 ",3.70 ,"22,156.69 ",4.46 ,"17,826.56 ",3.50 ,"5,532.39 ",3.90 ,"36,206.89 ",1.30 ,"54,259.43 ",1.00 ,"13,698.50 ",-5.00 ,"43,443.46 ",3.80 ,"41,781.49 ",2.40 ,"12,311.32 ",3.70 ,"102,718.98 ",3.80 ,"25,691.50 ",0.60 ,"25,114.96 ",0.20 ,"17,359.82 ",3.90 ,"3,920.55 ",1.50 ,"3,005.92 ",3.60 ,"73,129.00 ",3.60 ,"17,651.93 ",2.20 ,"26,181.86 ",1.70 ,"38,700.58 ",3.80 ,"48,598.76 ",1.50 ,"14,083.73 ",7.80 ,"1,902.74 ",3.40 ,"13,797.58 ",4.00 ,"24,521.90 ",3.60 ,"64,613.34 "
2021-03,18.70 ,"9,529.10 ",17.10 ,"8,915.90 ",18.40 ,"5,995.25 ",17.90 ,"10,750.60 ",13.20 ,"2,207.10 ",18.60 ,"27,117.96 ",16.10 ,"5,525.08 ",16.10 ,"4,336.47 ",19.80 ,"1,395.99 ",15.10 ,"8,750.50 ",15.40 ,"13,306.65 ",12.40 ,"2,692.50 ",58.30 ,"9,872.67 ",15.00 ,"10,223.99 ",14.90 ,"2,771.46 ",19.20 ,"25,878.38 ",18.40 ,"6,574.80 ",12.90 ,"5,844.90 ",15.20 ,"4,222.60 ",15.70 ,952.53 ,12.80 ,743.88 ,18.00 ,"18,055.50 ",17.30 ,"4,464.06 ",15.40 ,"6,352.79 ",17.60 ,"9,458.86 ",15.80 ,"11,859.24 ",15.90 ,"3,404.04 ",17.50 ,475.72 ,12.10 ,"3,402.54 ",15.30 ,"5,958.64 ",19.50 ,"16,346.76 "
2021-06,12.90 ,"20,576.50 ",13.40 ,"19,147.00 ",12.80 ,"12,903.41 ",12.30 ,"22,913.86 ",10.50 ,"4,748.20 ",13.00 ,"57,226.31 ",12.00 ,"11,787.04 ",12.10 ,"9,075.47 ",17.50 ,"2,885.85 ",9.90 ,"18,739.30 ",10.20 ,"28,927.96 ",10.30 ,"5,990.50 ",28.50 ,"22,777.69 ",11.70 ,"21,666.50 ",10.70 ,"6,083.46 ",13.20 ,"54,967.00 ",12.90 ,"13,977.20 ",9.90 ,"12,641.20 ",10.40 ,"9,103.63 ",11.20 ,"2,028.82 ",9.10 ,"1,557.40 ",12.80 ,"38,906.35 ",12.20 ,"9,606.70 ",10.20 ,"13,542.60 ",12.70 ,"20,102.53 ",12.10 ,"25,232.39 ",11.40 ,"7,309.25 ",9.10 ,926.05 ,9.90 ,"7,298.02 ",12.00 ,"12,740.68 ",13.40 ,"34,556.00 "
2021-09,10.20 ,"31,874.80 ",10.70 ,"29,753.00 ",9.90 ,"19,951.89 ",8.80 ,"35,061.37 ",8.50 ,"7,401.00 ",9.70 ,"88,009.86 ",9.00 ,"18,046.96 ",8.70 ,"13,985.53 ",12.80 ,"4,508.06 ",7.70 ,"29,060.70 ",7.10 ,"44,016.24 ",8.00 ,"9,747.60 ",18.69 ,"34,731.56 ",8.90 ,"33,222.57 ",7.80 ,"9,536.61 ",10.20 ,"84,895.70 ",10.20 ,"21,601.00 ",7.40 ,"19,722.70 ",7.80 ,"14,491.50 ",8.40 ,"3,180.64 ",6.70 ,"2,401.80 ",9.90 ,"60,439.20 ",10.50 ,"15,584.85 ",7.00 ,"21,193.18 ",9.80 ,"30,866.73 ",9.30 ,"38,998.66 ",8.60 ,"11,417.55 ",7.20 ,"1,440.35 ",8.80 ,"11,396.14 ",8.90 ,"19,607.76 ",10.60 ,"52,853.00 "
2021-12,8.30 ,"42,959.20 ",8.50 ,"40,269.60 ",8.30 ,"27,894.02 ",8.00 ,"48,810.36 ",6.90 ,"10,243.30 ",8.00 ,"124,369.67 ",7.50 ,"24,740.86 ",8.10 ,"19,586.42 ",11.20 ,"6,475.20 ",6.50 ,"40,391.30 ",6.30 ,"58,887.41 ",6.10 ,"14,879.20 ",12.85 ,"50,012.94 ",7.70 ,"46,063.09 ",6.60 ,"13,235.52 ",8.60 ,"116,364.20 ",8.80 ,"29,619.70 ",5.80 ,"27,584.10 ",6.30 ,"20,514.20 ",6.70 ,"4,522.31 ",5.70 ,"3,346.63 ",8.30 ,"83,095.90 ",9.10 ,"22,590.16 ",6.50 ,"29,800.98 ",8.10 ,"43,214.85 ",8.20 ,"53,850.79 ",6.60 ,"15,695.05 ",6.70 ,"2,080.17 ",7.00 ,"15,983.65 ",7.30 ,"27,146.76 ",8.50 ,"73,515.76 "
2022-03,5.20 ,"10,347.70 ",4.80 ,"9,413.40 ",5.20 ,"6,398.00 ",6.70 ,"11,859.21 ",5.30 ,"2,479.10 ",3.30 ,"28,498.79 ",4.90 ,"5,914.78 ",6.57 ,"4,815.49 ",6.00 ,"1,593.94 ",5.20 ,"9,559.80 ",4.70 ,"14,228.79 ",5.40 ,"2,976.60 ",6.70 ,"10,804.66 ",6.00 ,"11,058.16 ",-7.90 ,"2,576.23 ",4.60 ,"27,859.04 ",6.90 ,"7,320.50 ",2.70 ,"6,214.68 ",5.80 ,"5,078.40 ",5.20 ,"1,114.13 ",5.10 ,833.30 ,5.20 ,"19,926.80 ",6.50 ,"5,513.12 ",5.10 ,"7,265.41 ",3.10 ,"10,010.25 ",5.30 ,"12,739.24 ",0.10 ,"3,538.52 ",6.40 ,516.79 ,7.00 ,"3,975.30 ",5.30 ,"6,465.69 ",5.10 ,"17,886.00 "
2022-06,3.00 ,"21,764.00 ",0.70 ,"19,352.20 ",4.00 ,"13,511.64 ",4.60 ,"24,605.36 ",4.20 ,"5,235.30 ",2.00 ,"59,518.00 ",2.70 ,"12,294.16 ",4.50 ,"9,830.44 ",1.60 ,"3,144.63 ",3.40 ,"19,823.70 ",3.10 ,"30,757.20 ",2.80 ,"6,395.20 ",4.45 ,"24,502.79 ",4.30 ,"22,933.00 ",-6.00 ,"5,697.15 ",1.60 ,"56,909.10 ",4.90 ,"15,133.10 ",1.50 ,"13,172.90 ",4.30 ,"10,465.00 ",5.30 ,"2,352.56 ",2.50 ,"1,688.51 ",3.60 ,"41,717.00 ",5.20 ,"11,568.94 ",4.20 ,"15,252.34 ",-5.70 ,"19,349.31 ",2.80 ,"26,176.47 ",0.40 ,"7,620.58 ",4.80 ,973.24 ,4.90 ,"8,279.04 ",3.50 ,"13,464.12 ",2.50 ,"36,222.00 "
2022-09,3.30 ,"33,702.90 ",0.80 ,"29,926.00 ",3.10 ,"20,835.06 ",5.20 ,"37,794.00 ",4.10 ,"8,124.20 ",2.30 ,"91,723.22 ",3.10 ,"18,865.88 ",2.76 ,"14,755.92 ",-0.50 ,"4,779.14 ",3.70 ,"30,591.10 ",3.70 ,"47,022.73 ",2.90 ,"10,466.70 ",4.70 ,"37,298.90 ",4.80 ,"35,332.63 ",-1.60 ,"9,433.06 ",2.30 ,"88,652.70 ",5.00 ,"23,214.30 ",2.10 ,"20,796.60 ",5.00 ,"16,209.00 ",4.90 ,"3,599.18 ",2.60 ,"2,563.80 ",4.00 ,"64,409.00 ",5.30 ,"18,026.35 ",4.80 ,"23,501.97 ",-1.40 ,"30,956.65 ",1.50 ,"40,432.81 ",1.00 ,"11,896.10 ",0.20 ,"1,460.75 ",3.90 ,"13,023.80 ",3.80 ,"20,817.86 ",3.10 ,"55,750.00 "
2022-12,3.50 ,"45,045.00 ",0.70 ,"41,611.00 ",2.60 ,"29,129.03 ",4.70 ,"53,109.85 ",4.50 ,"11,201.60 ",1.90 ,"129,118.58 ",2.90 ,"26,300.87 ",1.22 ,"20,164.58 ",0.20 ,"6,818.22 ",3.80 ,"42,370.40 ",3.10 ,"61,345.05 ",2.70 ,"15,901.00 ",4.30 ,"53,734.92 ",4.50 ,"48,670.37 ",-1.90 ,"13,070.24 ",2.80 ,"122,875.60 ",4.70 ,"32,074.70 ",2.10 ,"28,975.10 ",4.20 ,"23,158.65 ",4.00 ,"5,069.57 ",2.30 ,"3,610.10 ",3.90 ,"87,435.00 ",4.40 ,"25,642.59 ",4.30 ,"32,772.68 ",-0.20 ,"44,652.80 ",2.90 ,"56,749.81 ",1.00 ,"16,311.34 ",1.10 ,"2,132.64 ",3.20 ,"17,741.34 ",4.30 ,"28,954.20 ",3.10 ,"77,715.00 "
2023-03,4.80 ,"10,936.20 ",3.10 ,"9,947.70 ",4.70 ,"6,932.89 ",1.70 ,"12,061.86 ",6.70 ,"2,670.70 ",4.00 ,"30,178.23 ",4.90 ,"6,250.83 ",2.50 ,"4,939.77 ",6.80 ,"1,775.96 ",5.10 ,"10,041.40 ",5.00 ,"14,968.97 ",5.10 ,"3,104.40 ",5.12 ,"11,899.72 ",4.10 ,"11,659.85 ",8.20 ,"2,833.88 ",4.70 ,"29,401.70 ",1.20 ,"7,320.70 ",4.70 ,"6,661.40 ",5.60 ,"5,344.00 ",7.50 ,"1,206.76 ",5.10 ,888.93 ,4.70 ,"20,411.00 ",5.00 ,"5,824.33 ",5.30 ,"7,651.90 ",3.00 ,"10,536.22 ",3.80 ,"13,374.74 ",5.50 ,"3,715.38 ",8.20 ,575.87 ,4.90 ,"4,149.52 ",4.80 ,"6,852.16 ",4.90 ,"18,924.70 "
2023-06,6.10 ,"23,073.00 ",5.50 ,"20,621.30 ",4.60 ,"14,345.95 ",3.80 ,"25,547.80 ",6.80 ,"5,539.10 ",5.00 ,"62,909.80 ",2.80 ,"12,684.78 ",4.40 ,"10,218.75 ",8.60 ,"3,458.79 ",6.10 ,"20,778.90 ",3.80 ,"31,326.00 ",4.70 ,"6,604.80 ",5.56 ,"26,259.22 ",3.60 ,"23,998.64 ",7.70 ,"6,147.11 ",6.60 ,"60,465.30 ",2.40 ,"15,399.40 ",5.60 ,"13,998.10 ",7.30 ,"10,971.40 ",6.50 ,"2,475.65 ",6.80 ,"1,798.32 ",6.20 ,"44,125.00 ",4.70 ,"11,688.56 ",3.70 ,"15,503.20 ",9.70 ,"21,390.17 ",5.50 ,"27,901.01 ",4.80 ,"7,842.83 ",8.40 ,"1,069.60 ",5.10 ,"8,542.08 ",5.10 ,"14,170.43 ",6.80 ,"38,717.00 "
2023-09,6.10 ,"35,653.00 ",5.10 ,"31,723.10 ",5.60 ,"22,243.88 ",4.10 ,"39,120.75 ",6.60 ,"8,635.40 ",4.50 ,"96,161.63 ",3.90 ,"19,654.25 ",4.80 ,"15,347.78 ",9.50 ,"5,274.92 ",5.20 ,"31,776.60 ",3.80 ,"47,785.44 ",2.60 ,"10,595.90 ",6.02 ,"40,237.97 ",4.00 ,"36,953.37 ",5.80 ,"9,935.68 ",5.80 ,"93,180.00 ",3.40 ,"23,653.20 ",5.30 ,"21,692.20 ",7.20 ,"16,882.00 ",6.40 ,"3,749.74 ",5.60 ,"2,695.70 ",6.00 ,"68,125.00 ",4.50 ,"18,049.37 ",2.40 ,"23,681.34 ",6.00 ,"33,019.23 ",6.50 ,"43,387.00 ",4.60 ,"12,252.61 ",9.80 ,"1,628.59 ",6.10 ,"13,552.49 ",4.40 ,"21,746.05 ",6.30 ,"59,181.83 "
2023-12,5.80 ,"47,050.60 ",5.16 ,"43,760.70 ",6.10 ,"30,614.28 ",4.50 ,"54,355.00 ",6.40 ,"11,863.80 ",4.80 ,"135,673.16 ",4.10 ,"27,202.39 ",4.90 ,"21,513.70 ",9.20 ,"7,551.18 ",5.50 ,"43,944.10 ",4.10 ,"59,132.39 ",2.60 ,"15,883.90 ",6.00 ,"55,803.63 ",4.60 ,"50,012.85 ",6.30 ,"13,531.19 ",5.80 ,"128,222.20 ",4.10 ,"32,200.10 ",5.30 ,"30,209.40 ",7.30 ,"24,627.00 ",6.60 ,"5,314.95 ",5.30 ,"3,799.06 ",6.00 ,"92,069.00 ",5.00 ,"25,698.18 ",4.30 ,"33,786.07 ",5.00 ,"47,218.66 ",6.00 ,"60,132.90 ",4.30 ,"16,737.30 ",9.50 ,"2,392.67 ",6.80 ,"19,125.91 ",4.40 ,"30,021.12 ",6.00 ,"82,553.00 "
2024-03,5.20 ,"11,293.60 ",5.96 ,"10,581.40 ",6.20 ,"7,232.03 ",5.80 ,"12,375.18 ",5.90 ,"2,825.40 ",4.40 ,"31,510.66 ",3.10 ,"6,344.30 ",5.50 ,"5,178.81 ",3.30 ,"1,836.98 ",5.60 ,"10,454.00 ",4.70 ,"14,765.34 ",2.20 ,"3,145.60 ",6.14 ,"12,433.48 ",4.80 ,"11,938.44 ",6.50 ,"2,936.19 ",6.20 ,"31,020.40 ",4.00 ,"7,351.30 ",5.40 ,"6,961.20 ",5.90 ,"5,603.90 ",5.80 ,"1,240.40 ",3.60 ,911.95 ,6.00 ,"21,652.00 ",1.20 ,"5,399.56 ",4.20 ,"7,898.55 ",5.00 ,"11,098.46 ",6.10 ,"14,142.58 ",5.30 ,"3,890.08 ",5.10 ,604.31 ,5.60 ,"4,413.21 ",4.60 ,"7,002.00 ",6.10 ,"20,137.00 "
2024-06,5.30 ,"23,967.00 ",5.40 ,"21,791.30 ",6.10 ,"15,138.24 ",5.60 ,"26,380.48 ",5.80 ,"5,902.70 ",3.90 ,"65,242.50 ",3.60 ,"13,115.57 ",5.30 ,"10,738.32 ",3.10 ,"3,605.56 ",5.00 ,"21,510.10 ",4.90 ,"31,231.44 ",1.50 ,"6,636.20 ",5.84 ,"27,346.45 ",4.50 ,"24,545.20 ",5.70 ,"6,335.46 ",5.80 ,"63,326.30 ",4.50 ,"15,638.00 ",5.00 ,"14,547.00 ",5.90 ,"11,682.70 ",5.10 ,"2,541.67 ",1.00 ,"1,805.75 ",5.80 ,"46,677.00 ",1.90 ,"11,186.85 ",4.30 ,"16,257.47 ",4.80 ,"22,345.59 ",5.40 ,"29,463.29 ",4.90 ,"8,191.12 ",6.10 ,"1,189.45 ",5.40 ,"9,211.40 ",3.50 ,"14,573.00 ",5.60 ,"40,920.00 "
2024-09,5.40 ,"37,257.00 ",5.10 ,"33,462.00 ",6.00 ,"23,244.31 ",5.50 ,"40,191.92 ",6.00 ,"9,126.30 ",3.40 ,"99,939.18 ",3.60 ,"20,351.72 ",5.20 ,"16,052.90 ",3.20 ,"5,583.55 ",5.00 ,"32,904.00 ",5.00 ,"47,881.96 ",2.30 ,"10,777.80 ",5.70 ,"41,655.01 ",4.50 ,"37,898.74 ",4.10 ,"10,116.13 ",5.70 ,"97,744.30 ",4.70 ,"24,149.80 ",4.90 ,"22,549.90 ",7.60 ,"17,875.54 ",4.90 ,"3,860.43 ",2.50 ,"2,741.19 ",5.60 ,"71,981.00 ",1.80 ,"17,532.53 ",4.60 ,"24,781.13 ",4.70 ,"34,389.18 ",5.30 ,"45,441.82 ",4.70 ,"12,673.87 ",6.20 ,"1,785.74 ",5.50 ,"14,547.67 ",3.00 ,"22,110.03 ",5.40 ,"62,618.00 "
2024-12,5.80 ,"50,625.00 ",5.20 ,"49,843.10 ",5.70 ,"32,193.15 ",5.50 ,"57,761.02 ",5.80 ,"13,002.90 ",3.50 ,"141,633.81 ",4.20 ,"28,649.40 ",5.30 ,"22,667.12 ",3.70 ,"7,935.69 ",5.40 ,"47,526.90 ",5.10 ,"63,589.99 ",3.20 ,"16,476.90 ",5.80 ,"60,012.97 ",4.80 ,"53,230.99 ",4.30 ,"14,361.22 ",5.80 ,"137,008.00 ",5.10 ,"34,202.50 ",5.10 ,"32,612.70 ",5.80 ,"26,314.60 ",5.40 ,"5,502.76 ",2.70 ,"3,950.79 ",5.70 ,"98,566.00 ",2.30 ,"25,494.70 ",5.30 ,"35,538.77 ",5.00 ,"53,926.71 ",5.70 ,"64,697.04 ",5.10 ,"18,024.32 ",6.30 ,"2,764.94 ",6.10 ,"20,534.08 ",3.30 ,"31,534.10 ",5.50 ,"90,100.00 "
,,,,,,,,,,,,,,,,,,,,,,,,,,,,,,,,,,,,,,,,,,,,,,,,,,,,,,,,,,,,,,
Source: Wind,,,,,,,,,,,,,,,,,,,,,,,,,,,,,,,,,,,,,,,,,,,,,,,,,,,,,,,,,,,,,,
