date,label,broad_label,source,subtype,value,YoY_change_absolute_1m,Unit
2016-01-31,Total,Total,Total,NA,4345.176214013538,-520.3463721110755,100 million kwh
2016-02-29,Total,Total,Total,NA,4358.730899943471,700.6731741117683,100 million kwh
2016-03-31,Total,Total,Total,NA,4841.671213214596,334.95265223580685,100 million kwh
2016-04-30,Total,Total,Total,NA,4449.78861693989,-26.766044576274396,100 million kwh
2016-05-31,Total,Total,Total,NA,4699.086879957695,124.10137843951486,100 million kwh
2016-06-30,Total,Total,Total,NA,4875.4271896710925,16.052653012188813,100 million kwh
2016-07-31,Total,Total,Total,NA,5508.735487807006,440.2553803547753,100 million kwh
2016-08-31,Total,Total,Total,NA,5606.641819148387,495.00401788972164,100 million kwh
2016-09-30,Total,Total,Total,NA,4933.96196342,370.1938402113426,100 million kwh
2016-10-31,Total,Total,Total,NA,4892.953225040323,431.916335255153,100 million kwh
2016-11-30,Total,Total,Total,NA,5061.060157033471,388.8478205719921,100 million kwh
2016-12-31,Total,Total,Total,NA,5412.660819861286,542.275037861285,100 million kwh
2017-01-31,Total,Total,Total,NA,4640.623204812793,295.446990799255,100 million kwh
2017-02-28,Total,Total,Total,NA,4666.059366394007,307.328466450536,100 million kwh
2017-03-31,Total,Total,Total,NA,5243.070904816262,401.39969160166515,100 million kwh
2017-04-30,Total,Total,Total,NA,4792.39195867411,342.6033417342203,100 million kwh
2017-05-31,Total,Total,Total,NA,4966.830250780159,267.7433708224644,100 million kwh
2017-06-30,Total,Total,Total,NA,5166.260255203288,290.83306553219484,100 million kwh
2017-07-31,Total,Total,Total,NA,6044.577854014008,535.8423662070011,100 million kwh
2017-08-31,Total,Total,Total,NA,5906.149066707203,299.50724755881583,100 million kwh
2017-09-30,Total,Total,Total,NA,5198.914610463561,264.9526470435612,100 million kwh
2017-10-31,Total,Total,Total,NA,5014.296576948962,121.34335190863925,100 million kwh
2017-11-30,Total,Total,Total,NA,5154.286504385344,93.22634735187347,100 million kwh
2017-12-31,Total,Total,Total,NA,5632.790657399998,220.12983753871163,100 million kwh
2018-01-31,Total,Total,Total,NA,5187.161520768891,546.538315956098,100 million kwh
2018-02-28,Total,Total,Total,NA,5223.626501712329,557.567135318322,100 million kwh
2018-03-31,Total,Total,Total,NA,5272.077138753867,29.006233937606112,100 million kwh
2018-04-30,Total,Total,Total,NA,5093.973726027397,301.5817673532863,100 million kwh
2018-05-31,Total,Total,Total,NA,5434.245073353955,467.41482257379664,100 million kwh
2018-06-30,Total,Total,Total,NA,5521.617186301368,355.3569310980801,100 million kwh
2018-07-31,Total,Total,Total,NA,6369.354239946973,324.77638593296564,100 million kwh
2018-08-31,Total,Total,Total,NA,6381.594927087936,475.4458603807332,100 million kwh
2018-09-30,Total,Total,Total,NA,5510.188836986302,311.2742265227405,100 million kwh
2018-10-31,Total,Total,Total,NA,5390.240655324789,375.9440783758274,100 million kwh
2018-11-30,Total,Total,Total,NA,5757.9090863013735,603.6225819160292,100 million kwh
2018-12-31,Total,Total,Total,NA,6231.884645161285,599.0939877612875,100 million kwh
2019-01-31,Total,Total,Total,NA,5447.8506451171015,260.6891243482107,100 million kwh
2019-02-28,Total,Total,Total,NA,5485.355640459883,261.72913874755415,100 million kwh
2019-03-31,Total,Total,Total,NA,5702.738543968184,430.6614052143164,100 million kwh
2019-04-30,Total,Total,Total,NA,5407.468921917806,313.4951958904096,100 million kwh
2019-05-31,Total,Total,Total,NA,5540.084729916041,105.83965656208574,100 million kwh
2019-06-30,Total,Total,Total,NA,5797.842017808219,276.22483150685105,100 million kwh
2019-07-31,Total,Total,Total,NA,6533.911229164828,164.55698921785444,100 million kwh
2019-08-31,Total,Total,Total,NA,6640.218505788772,258.6235787008359,100 million kwh
2019-09-30,Total,Total,Total,NA,5855.671328493152,345.48249150685007,100 million kwh
2019-10-31,Total,Total,Total,NA,5719.361064869646,329.1204095448565,100 million kwh
2019-11-30,Total,Total,Total,NA,6021.551593972599,263.6425076712253,100 million kwh
2019-12-31,Total,Total,Total,NA,6579.130483870972,347.24583870968684,100 million kwh
2020-01-31,Total,Total,Total,NA,5065.571597837647,-382.2790472794551,100 million kwh
2020-02-29,Total,Total,Total,NA,5089.512947139068,-395.8426933208149,100 million kwh
2020-03-31,Total,Total,Total,NA,5478.889516129031,-223.84902783915226,100 million kwh
2020-04-30,Total,Total,Total,NA,5498.079412087913,90.61049017010652,100 million kwh
2020-05-31,Total,Total,Total,NA,5845.402401630627,305.3176717145856,100 million kwh
2020-06-30,Total,Total,Total,NA,6219.537500000001,421.6954821917828,100 million kwh
2020-07-31,Total,Total,Total,NA,6715.048967741934,181.13773857710612,100 million kwh
2020-08-31,Total,Total,Total,NA,7165.975677419353,525.7571716305804,100 million kwh
2020-09-30,Total,Total,Total,NA,6252.361199999999,396.68987150684757,100 million kwh
2020-10-31,Total,Total,Total,NA,6118.600709677423,399.2396448077776,100 million kwh
2020-11-30,Total,Total,Total,NA,6456.981000000002,435.4294060274023,100 million kwh
2020-12-31,Total,Total,Total,NA,7256.341903225801,677.2114193548289,100 million kwh
2021-01-31,Total,Total,Total,NA,5685.399061782395,1078.2570385636784,100 million kwh
2021-02-28,Total,Total,Total,NA,6209.087714285714,1333.0932908298594,100 million kwh
2021-03-31,Total,Total,Total,NA,5986.1902580645165,1015.2457419354841,100 million kwh
2021-04-30,Total,Total,Total,NA,5813.866,726.9891346153854,100 million kwh
2021-05-31,Total,Total,Total,NA,5906.907580645162,637.8249677419357,100 million kwh
2021-06-30,Total,Total,Total,NA,6397.5074,591.3083999999997,100 million kwh
2021-07-31,Total,Total,Total,NA,7389.762781570404,1236.410717054274,100 million kwh
2021-08-31,Total,Total,Total,NA,7151.106102445947,546.7863282523979,100 million kwh
2021-09-30,Total,Total,Total,NA,6573.8382865839385,796.3658865839393,100 million kwh
2021-10-31,Total,Total,Total,NA,6208.854541589648,651.057509331582,100 million kwh
2021-11-30,Total,Total,Total,NA,6399.542921528781,416.7908215287815,100 million kwh
2021-12-31,Total,Total,Total,NA,7047.485807936892,-244.13674045020392,100 million kwh
2022-01-31,Total,Total,Total,NA,6319.955924252808,634.5568624704131,100 million kwh
2022-02-28,Total,Total,Total,NA,6699.2044291111915,225.4858576826205,100 million kwh
2022-03-31,Total,Total,Total,NA,6872.648256606579,615.6253533807718,100 million kwh
2022-04-30,Total,Total,Total,NA,6290.577960041391,192.25466004139076,100 million kwh
2022-05-31,Total,Total,Total,NA,6543.503716444539,299.8939422509906,100 million kwh
2022-06-30,Total,Total,Total,NA,7252.681626607469,536.7183266074693,100 million kwh
2022-07-31,Total,Total,Total,NA,8344.725677419356,501.5040645161298,100 million kwh
2022-08-31,Total,Total,Total,NA,8504.363870967738,905.2345806451565,100 million kwh
2022-09-30,Total,Total,Total,NA,7142.374000000002,124.8110000000029,100 million kwh
2022-10-31,Total,Total,Total,NA,6911.845322580647,310.44645161290407,100 million kwh
2022-11-30,Total,Total,Total,NA,6918.8112,98.6509000000049,100 million kwh
2022-12-31,Total,Total,Total,NA,7466.777935483873,273.6313548387114,100 million kwh
2023-01-31,Total,Total,Total,NA,6965.622224712958,221.2612602515031,100 million kwh
2023-02-28,Total,Total,Total,NA,7095.674035714286,257.24325000000056,100 million kwh
2023-03-31,Total,Total,Total,NA,7505.239161290321,474.03393548387044,100 million kwh
2023-04-30,Total,Total,Total,NA,6981.1676,535.4553999999998,100 million kwh
2023-05-31,Total,Total,Total,NA,7245.587741935483,540.2502903225791,100 million kwh
2023-06-30,Total,Total,Total,NA,7789.646700000003,378.4616000000044,100 million kwh
2023-07-31,Total,Total,Total,NA,8870.03896774193,525.3132903225744,100 million kwh
2023-08-31,Total,Total,Total,NA,8857.499970967747,353.1361000000091,100 million kwh
2023-09-30,Total,Total,Total,NA,7830.611599999998,688.237599999997,100 million kwh
2023-10-31,Total,Total,Total,NA,7384.993032258061,473.1477096774146,100 million kwh
2023-11-30,Total,Total,Total,NA,7722.495500000001,803.6843000000008,100 million kwh
2023-12-31,Total,Total,Total,NA,8531.66016451613,772.324454838709,100 million kwh
2024-01-31,Total,Total,Total,NA,7757.829528225807,792.2073035128491,100 million kwh
2024-02-29,Total,Total,Total,NA,7873.150293103448,777.476257389162,100 million kwh
2024-03-31,Total,Total,Total,NA,7980.780032258064,475.54087096774333,100 million kwh
2016-01-31,Wind,Solar & wind,Wind,NA,165.4762140135378,20.033627888924457,100 million kwh
2016-01-31,Hydro,"Hydro, nuclear & biomass",Hydro,NA,644.5,79.23000000000002,100 million kwh
2016-01-31,Nuclear,"Hydro, nuclear & biomass",Nuclear,NA,142.45,18.139999999999986,100 million kwh
2016-01-31,Thermal,NA,Thermal,NA,3392.75,-637.75,100 million kwh
2016-02-29,Wind,Solar & wind,Wind,NA,179.03089994347084,14.103174111768254,100 million kwh
2016-02-29,Hydro,"Hydro, nuclear & biomass",Hydro,NA,644.5,172.74,100 million kwh
2016-02-29,Nuclear,"Hydro, nuclear & biomass",Nuclear,NA,142.45,35.370000000000005,100 million kwh
2016-02-29,Thermal,NA,Thermal,NA,3392.75,478.46000000000004,100 million kwh
2016-03-31,Wind,Solar & wind,Wind,NA,204.8903132145954,21.75175223580618,100 million kwh
2016-03-31,Hydro,"Hydro, nuclear & biomass",Hydro,NA,743.7146,65.74459999999999,100 million kwh
2016-03-31,Nuclear,"Hydro, nuclear & biomass",Nuclear,NA,185.6608,64.26079999999996,100 million kwh
2016-03-31,Thermal,NA,Thermal,NA,3707.4055000000008,183.19550000000072,100 million kwh
2016-04-30,Wind,Solar & wind,Wind,NA,237.3695169398907,34.12485542372633,100 million kwh
2016-04-30,Hydro,"Hydro, nuclear & biomass",Hydro,NA,783.2854,84.28539999999998,100 million kwh
2016-04-30,Nuclear,"Hydro, nuclear & biomass",Nuclear,NA,150.03920000000005,25.72920000000005,100 million kwh
2016-04-30,Thermal,NA,Thermal,NA,3279.0944999999992,-170.90550000000076,100 million kwh
2016-05-31,Wind,Solar & wind,Wind,NA,257.6868799576943,61.50137843951484,100 million kwh
2016-05-31,Hydro,"Hydro, nuclear & biomass",Hydro,NA,927,159,100 million kwh
2016-05-31,Nuclear,"Hydro, nuclear & biomass",Nuclear,NA,164.39999999999998,27.600000000000023,100 million kwh
2016-05-31,Thermal,NA,Thermal,NA,3350,-124,100 million kwh
2016-06-30,Wind,Solar & wind,Wind,NA,170.92718967109292,7.752653012188858,100 million kwh
2016-06-30,Hydro,"Hydro, nuclear & biomass",Hydro,NA,1068,16,100 million kwh
2016-06-30,Nuclear,"Hydro, nuclear & biomass",Nuclear,NA,179.5,21.299999999999955,100 million kwh
2016-06-30,Thermal,NA,Thermal,NA,3457,-29,100 million kwh
2016-07-31,Wind,Solar & wind,Wind,NA,164.63548780700683,48.055380354775366,100 million kwh
2016-07-31,Hydro,"Hydro, nuclear & biomass",Hydro,NA,1238,124,100 million kwh
2016-07-31,Nuclear,"Hydro, nuclear & biomass",Nuclear,NA,198.0999999999999,36.19999999999993,100 million kwh
2016-07-31,Thermal,NA,Thermal,NA,3908,232,100 million kwh
2016-08-31,Wind,Solar & wind,Wind,NA,145.04181914838708,32.00401788972141,100 million kwh
2016-08-31,Hydro,"Hydro, nuclear & biomass",Hydro,NA,1108,60,100 million kwh
2016-08-31,Nuclear,"Hydro, nuclear & biomass",Nuclear,NA,201.60000000000014,33.00000000000023,100 million kwh
2016-08-31,Thermal,NA,Thermal,NA,4152,370,100 million kwh
2016-09-30,Wind,Solar & wind,Wind,NA,152.9619634199999,19.193840211342632,100 million kwh
2016-09-30,Hydro,"Hydro, nuclear & biomass",Hydro,NA,951,-125,100 million kwh
2016-09-30,Nuclear,"Hydro, nuclear & biomass",Nuclear,NA,180,21,100 million kwh
2016-09-30,Thermal,NA,Thermal,NA,3650,455,100 million kwh
2016-10-31,Wind,Solar & wind,Wind,NA,210.35322504032257,24.307735255152295,100 million kwh
2016-10-31,Hydro,"Hydro, nuclear & biomass",Hydro,NA,929,-73.38440000000082,100 million kwh
2016-10-31,Nuclear,"Hydro, nuclear & biomass",Nuclear,NA,174.5999999999999,31.643699999999853,100 million kwh
2016-10-31,Thermal,NA,Thermal,NA,3579,449.3493000000017,100 million kwh
2016-11-30,Wind,Solar & wind,Wind,NA,251.36015703347005,77.84612057199072,100 million kwh
2016-11-30,Hydro,"Hydro, nuclear & biomass",Hydro,NA,803.3999999999996,19.184400000000096,100 million kwh
2016-11-30,Nuclear,"Hydro, nuclear & biomass",Nuclear,NA,194.9000000000001,50.36660000000006,100 million kwh
2016-11-30,Thermal,NA,Thermal,NA,3811.4000000000015,241.45070000000123,100 million kwh
2016-12-31,Wind,Solar & wind,Wind,NA,242.76081986129037,102.97283786129032,100 million kwh
2016-12-31,Hydro,"Hydro, nuclear & biomass",Hydro,NA,678,-23.399999999999636,100 million kwh
2016-12-31,Nuclear,"Hydro, nuclear & biomass",Nuclear,NA,213.60000000000014,54.802200000000084,100 million kwh
2016-12-31,Thermal,NA,Thermal,NA,4278.299999999996,407.8999999999942,100 million kwh
2017-01-31,Wind,Solar & wind,Wind,NA,219.37320481279278,53.89699079925498,100 million kwh
2017-01-31,Hydro,"Hydro, nuclear & biomass",Hydro,NA,614.5,-30,100 million kwh
2017-01-31,Nuclear,"Hydro, nuclear & biomass",Nuclear,NA,166.75,24.30000000000001,100 million kwh
2017-01-31,Thermal,NA,Thermal,NA,3640,247.25,100 million kwh
2017-02-28,Wind,Solar & wind,Wind,NA,244.80936639400684,65.778466450536,100 million kwh
2017-02-28,Hydro,"Hydro, nuclear & biomass",Hydro,NA,614.5,-30,100 million kwh
2017-02-28,Nuclear,"Hydro, nuclear & biomass",Nuclear,NA,166.75,24.30000000000001,100 million kwh
2017-02-28,Thermal,NA,Thermal,NA,3640,247.25,100 million kwh
2017-03-31,Wind,Solar & wind,Wind,NA,242.77090481626158,37.88059160166617,100 million kwh
2017-03-31,Hydro,"Hydro, nuclear & biomass",Hydro,NA,709.4000000000001,-34.31459999999993,100 million kwh
2017-03-31,Nuclear,"Hydro, nuclear & biomass",Nuclear,NA,214,28.339200000000005,100 million kwh
2017-03-31,Thermal,NA,Thermal,NA,4076.8999999999996,369.4944999999989,100 million kwh
2017-04-30,Wind,Solar & wind,Wind,NA,297.99195867410964,60.62244173421894,100 million kwh
2017-04-30,Hydro,"Hydro, nuclear & biomass",Hydro,NA,745.5999999999999,-37.68540000000007,100 million kwh
2017-04-30,Nuclear,"Hydro, nuclear & biomass",Nuclear,NA,202.60000000000002,52.56079999999997,100 million kwh
2017-04-30,Thermal,NA,Thermal,NA,3546.2000000000007,267.1055000000015,100 million kwh
2017-05-31,Wind,Solar & wind,Wind,NA,283.1302507801591,25.44337082246477,100 million kwh
2017-05-31,Hydro,"Hydro, nuclear & biomass",Hydro,NA,886,-41,100 million kwh
2017-05-31,Nuclear,"Hydro, nuclear & biomass",Nuclear,NA,204.79999999999995,40.39999999999998,100 million kwh
2017-05-31,Thermal,NA,Thermal,NA,3592.8999999999996,242.89999999999964,100 million kwh
2017-06-30,Wind,Solar & wind,Wind,NA,205.26025520328764,34.33306553219472,100 million kwh
2017-06-30,Hydro,"Hydro, nuclear & biomass",Hydro,NA,1043,-25,100 million kwh
2017-06-30,Nuclear,"Hydro, nuclear & biomass",Nuclear,NA,199.0000000000001,19.500000000000114,100 million kwh
2017-06-30,Thermal,NA,Thermal,NA,3719,262,100 million kwh
2017-07-31,Wind,Solar & wind,Wind,NA,203.77785401400786,39.14236620700103,100 million kwh
2017-07-31,Hydro,"Hydro, nuclear & biomass",Hydro,NA,1244,6,100 million kwh
2017-07-31,Nuclear,"Hydro, nuclear & biomass",Nuclear,NA,230.79999999999995,32.700000000000045,100 million kwh
2017-07-31,Thermal,NA,Thermal,NA,4366,458,100 million kwh
2017-08-31,Wind,Solar & wind,Wind,NA,195.949066707203,50.907247558815925,100 million kwh
2017-08-31,Hydro,"Hydro, nuclear & biomass",Hydro,NA,1167,59,100 million kwh
2017-08-31,Nuclear,"Hydro, nuclear & biomass",Nuclear,NA,230.20000000000005,28.59999999999991,100 million kwh
2017-08-31,Thermal,NA,Thermal,NA,4313,161,100 million kwh
2017-09-30,Wind,Solar & wind,Wind,NA,225.31461046356145,72.35264704356155,100 million kwh
2017-09-30,Hydro,"Hydro, nuclear & biomass",Hydro,NA,1123.1999999999998,172.19999999999982,100 million kwh
2017-09-30,Nuclear,"Hydro, nuclear & biomass",Nuclear,NA,219.39999999999986,39.399999999999864,100 million kwh
2017-09-30,Thermal,NA,Thermal,NA,3631,-19,100 million kwh
2017-10-31,Wind,Solar & wind,Wind,NA,258.2965769489615,47.94335190863893,100 million kwh
2017-10-31,Hydro,"Hydro, nuclear & biomass",Hydro,NA,1086.8000000000002,157.80000000000018,100 million kwh
2017-10-31,Nuclear,"Hydro, nuclear & biomass",Nuclear,NA,201.20000000000005,26.600000000000136,100 million kwh
2017-10-31,Thermal,NA,Thermal,NA,3468,-111,100 million kwh
2017-11-30,Wind,Solar & wind,Wind,NA,324.6865043853425,73.32634735187247,100 million kwh
2017-11-30,Hydro,"Hydro, nuclear & biomass",Hydro,NA,871.2000000000007,67.80000000000109,100 million kwh
2017-11-30,Nuclear,"Hydro, nuclear & biomass",Nuclear,NA,223.5,28.59999999999991,100 million kwh
2017-11-30,Thermal,NA,Thermal,NA,3734.9000000000015,-76.5,100 million kwh
2017-12-31,Wind,Solar & wind,Wind,NA,310.19065740000013,67.42983753870976,100 million kwh
2017-12-31,Hydro,"Hydro, nuclear & biomass",Hydro,NA,713.7999999999993,35.79999999999927,100 million kwh
2017-12-31,Nuclear,"Hydro, nuclear & biomass",Nuclear,NA,221.69999999999982,8.099999999999682,100 million kwh
2017-12-31,Thermal,NA,Thermal,NA,4387.0999999999985,108.80000000000291,100 million kwh
2018-01-31,Wind,Solar & wind,Wind,NA,309.7615207688908,90.38831595609804,100 million kwh
2018-01-31,Hydro,"Hydro, nuclear & biomass",Hydro,NA,637.5,23,100 million kwh
2018-01-31,Nuclear,"Hydro, nuclear & biomass",Nuclear,NA,196.65,29.900000000000006,100 million kwh
2018-01-31,Thermal,NA,Thermal,NA,4043.25,403.25,100 million kwh
2018-02-28,Wind,Solar & wind,Wind,NA,346.2265017123288,101.41713531832195,100 million kwh
2018-02-28,Hydro,"Hydro, nuclear & biomass",Hydro,NA,637.5,23,100 million kwh
2018-02-28,Nuclear,"Hydro, nuclear & biomass",Nuclear,NA,196.65,29.900000000000006,100 million kwh
2018-02-28,Thermal,NA,Thermal,NA,4043.25,403.25,100 million kwh
2018-03-31,Wind,Solar & wind,Wind,NA,334.7771387538666,92.00623393760503,100 million kwh
2018-03-31,Hydro,"Hydro, nuclear & biomass",Hydro,NA,658.4000000000001,-51,100 million kwh
2018-03-31,Nuclear,"Hydro, nuclear & biomass",Nuclear,NA,217.7,3.6999999999999886,100 million kwh
2018-03-31,Thermal,NA,Thermal,NA,4061.2000000000007,-15.699999999998909,100 million kwh
2018-04-30,Wind,Solar & wind,Wind,NA,374.9737260273973,76.98176735328764,100 million kwh
2018-04-30,Hydro,"Hydro, nuclear & biomass",Hydro,NA,699.9000000000001,-45.69999999999982,100 million kwh
2018-04-30,Nuclear,"Hydro, nuclear & biomass",Nuclear,NA,215.79999999999995,13.199999999999932,100 million kwh
2018-04-30,Thermal,NA,Thermal,NA,3803.2999999999993,257.09999999999854,100 million kwh
2018-05-31,Wind,Solar & wind,Wind,NA,314.9450733539549,31.814822573795823,100 million kwh
2018-05-31,Hydro,"Hydro, nuclear & biomass",Hydro,NA,919.8999999999996,33.899999999999636,100 million kwh
2018-05-31,Nuclear,"Hydro, nuclear & biomass",Nuclear,NA,236.20000000000005,31.40000000000009,100 million kwh
2018-05-31,Thermal,NA,Thermal,NA,3963.2000000000007,370.3000000000011,100 million kwh
2018-06-30,Wind,Solar & wind,Wind,NA,246.91718630136987,41.656931098082225,100 million kwh
2018-06-30,Hydro,"Hydro, nuclear & biomass",Hydro,NA,1064.8000000000002,21.800000000000182,100 million kwh
2018-06-30,Nuclear,"Hydro, nuclear & biomass",Nuclear,NA,237,37.999999999999886,100 million kwh
2018-06-30,Thermal,NA,Thermal,NA,3972.899999999998,253.89999999999782,100 million kwh
2018-07-31,Wind,Solar & wind,Wind,NA,253.2542399469731,49.47638593296523,100 million kwh
2018-07-31,Hydro,"Hydro, nuclear & biomass",Hydro,NA,1283.1000000000004,39.100000000000364,100 million kwh
2018-07-31,Nuclear,"Hydro, nuclear & biomass",Nuclear,NA,264,33.200000000000045,100 million kwh
2018-07-31,Thermal,NA,Thermal,NA,4569,203,100 million kwh
2018-08-31,Wind,Solar & wind,Wind,NA,205.99492708793636,10.045860380733359,100 million kwh
2018-08-31,Hydro,"Hydro, nuclear & biomass",Hydro,NA,1257.6999999999998,90.69999999999982,100 million kwh
2018-08-31,Nuclear,"Hydro, nuclear & biomass",Nuclear,NA,270.9000000000001,40.700000000000045,100 million kwh
2018-08-31,Thermal,NA,Thermal,NA,4647,334,100 million kwh
2018-09-30,Wind,Solar & wind,Wind,NA,273.98883698630135,48.6742265227399,100 million kwh
2018-09-30,Hydro,"Hydro, nuclear & biomass",Hydro,NA,1167.4000000000005,44.20000000000073,100 million kwh
2018-09-30,Nuclear,"Hydro, nuclear & biomass",Nuclear,NA,253.79999999999973,34.399999999999864,100 million kwh
2018-09-30,Thermal,NA,Thermal,NA,3815,184,100 million kwh
2018-10-31,Wind,Solar & wind,Wind,NA,278.24065532479005,19.944078375828553,100 million kwh
2018-10-31,Hydro,"Hydro, nuclear & biomass",Hydro,NA,1092.199999999999,5.399999999998727,100 million kwh
2018-10-31,Nuclear,"Hydro, nuclear & biomass",Nuclear,NA,252.30000000000018,51.100000000000136,100 million kwh
2018-10-31,Thermal,NA,Thermal,NA,3767.5,299.5,100 million kwh
2018-11-30,Wind,Solar & wind,Wind,NA,304.80908630136986,-19.877418083972657,100 million kwh
2018-11-30,Hydro,"Hydro, nuclear & biomass",Hydro,NA,878.8999999999996,7.699999999998909,100 million kwh
2018-11-30,Nuclear,"Hydro, nuclear & biomass",Nuclear,NA,297,73.5,100 million kwh
2018-11-30,Thermal,NA,Thermal,NA,4277.200000000004,542.3000000000029,100 million kwh
2018-12-31,Wind,Solar & wind,Wind,NA,363.7846451612903,53.59398776129018,100 million kwh
2018-12-31,Hydro,"Hydro, nuclear & biomass",Hydro,NA,730.2000000000007,16.400000000001455,100 million kwh
2018-12-31,Nuclear,"Hydro, nuclear & biomass",Nuclear,NA,306,84.30000000000018,100 million kwh
2018-12-31,Thermal,NA,Thermal,NA,4831.899999999994,444.79999999999563,100 million kwh
2019-01-31,Wind,Solar & wind,Wind,NA,316.55064511710117,6.7891243482103505,100 million kwh
2019-01-31,Hydro,"Hydro, nuclear & biomass",Hydro,NA,676.1,38.60000000000002,100 million kwh
2019-01-31,Nuclear,"Hydro, nuclear & biomass",Nuclear,NA,241.85,45.19999999999999,100 million kwh
2019-01-31,Thermal,NA,Thermal,NA,4213.35,170.10000000000036,100 million kwh
2019-02-28,Wind,Solar & wind,Wind,NA,354.05564045988257,7.82913874755377,100 million kwh
2019-02-28,Hydro,"Hydro, nuclear & biomass",Hydro,NA,676.1,38.60000000000002,100 million kwh
2019-02-28,Nuclear,"Hydro, nuclear & biomass",Nuclear,NA,241.85,45.19999999999999,100 million kwh
2019-02-28,Thermal,NA,Thermal,NA,4213.35,170.10000000000036,100 million kwh
2019-03-31,Wind,Solar & wind,Wind,NA,377.7385439681839,42.96140521431727,100 million kwh
2019-03-31,Hydro,"Hydro, nuclear & biomass",Hydro,NA,806.8,148.39999999999986,100 million kwh
2019-03-31,Nuclear,"Hydro, nuclear & biomass",Nuclear,NA,286.7,69,100 million kwh
2019-03-31,Thermal,NA,Thermal,NA,4231.5,170.29999999999927,100 million kwh
2019-04-30,Wind,Solar & wind,Wind,NA,406.06892191780827,31.09519589041099,100 million kwh
2019-04-30,Hydro,"Hydro, nuclear & biomass",Hydro,NA,828,128.0999999999999,100 million kwh
2019-04-30,Nuclear,"Hydro, nuclear & biomass",Nuclear,NA,278.0000000000001,62.20000000000016,100 million kwh
2019-04-30,Thermal,NA,Thermal,NA,3895.399999999998,92.09999999999854,100 million kwh
2019-05-31,Wind,Solar & wind,Wind,NA,397.28472991604065,82.33965656208574,100 million kwh
2019-05-31,Hydro,"Hydro, nuclear & biomass",Hydro,NA,1015.6999999999998,95.80000000000018,100 million kwh
2019-05-31,Nuclear,"Hydro, nuclear & biomass",Nuclear,NA,271.89999999999986,35.69999999999982,100 million kwh
2019-05-31,Thermal,NA,Thermal,NA,3855.2000000000007,-108,100 million kwh
2019-06-30,Wind,Solar & wind,Wind,NA,304.7420178082192,57.824831506849335,100 million kwh
2019-06-30,Hydro,"Hydro, nuclear & biomass",Hydro,NA,1135.1000000000004,70.30000000000018,100 million kwh
2019-06-30,Nuclear,"Hydro, nuclear & biomass",Nuclear,NA,279.70000000000005,42.700000000000045,100 million kwh
2019-06-30,Thermal,NA,Thermal,NA,4078.2999999999993,105.40000000000146,100 million kwh
2019-07-31,Wind,Solar & wind,Wind,NA,242.31122916482548,-10.94301078214761,100 million kwh
2019-07-31,Hydro,"Hydro, nuclear & biomass",Hydro,NA,1376.3000000000002,93.19999999999982,100 million kwh
2019-07-31,Nuclear,"Hydro, nuclear & biomass",Nuclear,NA,313.20000000000005,49.200000000000045,100 million kwh
2019-07-31,Thermal,NA,Thermal,NA,4602.100000000002,33.10000000000218,100 million kwh
2019-08-31,Wind,Solar & wind,Wind,NA,250.71850578877604,44.72357870083968,100 million kwh
2019-08-31,Hydro,"Hydro, nuclear & biomass",Hydro,NA,1297,39.30000000000018,100 million kwh
2019-08-31,Nuclear,"Hydro, nuclear & biomass",Nuclear,NA,328.4999999999998,57.59999999999968,100 million kwh
2019-08-31,Thermal,NA,Thermal,NA,4763.999999999996,116.99999999999636,100 million kwh
2019-09-30,Wind,Solar & wind,Wind,NA,265.7713284931507,-8.21750849315066,100 million kwh
2019-09-30,Hydro,"Hydro, nuclear & biomass",Hydro,NA,1126.7999999999993,-40.60000000000127,100 million kwh
2019-09-30,Nuclear,"Hydro, nuclear & biomass",Nuclear,NA,296.7000000000003,42.900000000000546,100 million kwh
2019-09-30,Thermal,NA,Thermal,NA,4166.4000000000015,351.40000000000146,100 million kwh
2019-10-31,Wind,Solar & wind,Wind,NA,335.2610648696421,57.02040954485204,100 million kwh
2019-10-31,Hydro,"Hydro, nuclear & biomass",Hydro,NA,1074.7000000000007,-17.49999999999818,100 million kwh
2019-10-31,Nuclear,"Hydro, nuclear & biomass",Nuclear,NA,287.5999999999999,35.29999999999973,100 million kwh
2019-10-31,Thermal,NA,Thermal,NA,4021.800000000003,254.3000000000029,100 million kwh
2019-11-30,Wind,Solar & wind,Wind,NA,401.6515939726027,96.84250767123285,100 million kwh
2019-11-30,Hydro,"Hydro, nuclear & biomass",Hydro,NA,813.7999999999993,-65.10000000000036,100 million kwh
2019-11-30,Nuclear,"Hydro, nuclear & biomass",Nuclear,NA,325.4000000000001,28.40000000000009,100 million kwh
2019-11-30,Thermal,NA,Thermal,NA,4480.699999999997,203.49999999999272,100 million kwh
2019-12-31,Wind,Solar & wind,Wind,NA,406.8304838709678,43.04583870967747,100 million kwh
2019-12-31,Hydro,"Hydro, nuclear & biomass",Hydro,NA,708,-22.200000000000728,100 million kwh
2019-12-31,Nuclear,"Hydro, nuclear & biomass",Nuclear,NA,332.0999999999999,26.09999999999991,100 million kwh
2019-12-31,Thermal,NA,Thermal,NA,5132.200000000004,300.3000000000102,100 million kwh
2020-01-31,Wind,Solar & wind,Wind,NA,318.72159783764624,2.170952720545074,100 million kwh
2020-01-31,Hydro,"Hydro, nuclear & biomass",Hydro,NA,606.95,-69.14999999999998,100 million kwh
2020-01-31,Nuclear,"Hydro, nuclear & biomass",Nuclear,NA,236.6,-5.25,100 million kwh
2020-01-31,Thermal,NA,Thermal,NA,3903.3,-310.0500000000002,100 million kwh
2020-02-29,Wind,Solar & wind,Wind,NA,342.66294713906785,-11.392693320814715,100 million kwh
2020-02-29,Hydro,"Hydro, nuclear & biomass",Hydro,NA,606.95,-69.14999999999998,100 million kwh
2020-02-29,Nuclear,"Hydro, nuclear & biomass",Nuclear,NA,236.6,-5.25,100 million kwh
2020-02-29,Thermal,NA,Thermal,NA,3903.3,-310.0500000000002,100 million kwh
2020-03-31,Wind,Solar & wind,Wind,NA,484.2895161290323,106.5509721608484,100 million kwh
2020-03-31,Hydro,"Hydro, nuclear & biomass",Hydro,NA,749,-57.799999999999955,100 million kwh
2020-03-31,Nuclear,"Hydro, nuclear & biomass",Nuclear,NA,306.3,19.600000000000023,100 million kwh
2020-03-31,Thermal,NA,Thermal,NA,3939.2999999999993,-292.2000000000007,100 million kwh
2020-04-30,Wind,Solar & wind,Wind,NA,421.9794120879121,15.910490170103856,100 million kwh
2020-04-30,Hydro,"Hydro, nuclear & biomass",Hydro,NA,756.6999999999998,-71.30000000000018,100 million kwh
2020-04-30,Nuclear,"Hydro, nuclear & biomass",Nuclear,NA,307.70000000000005,29.699999999999932,100 million kwh
2020-04-30,Thermal,NA,Thermal,NA,4011.7000000000007,116.30000000000291,100 million kwh
2020-05-31,Wind,Solar & wind,Wind,NA,444.2024016306275,46.917671714586845,100 million kwh
2020-05-31,Hydro,"Hydro, nuclear & biomass",Hydro,NA,838.2000000000003,-177.49999999999955,100 million kwh
2020-05-31,Nuclear,"Hydro, nuclear & biomass",Nuclear,NA,310.79999999999995,38.90000000000009,100 million kwh
2020-05-31,Thermal,NA,Thermal,NA,4252.199999999999,396.9999999999982,100 million kwh
2020-06-30,Wind,Solar & wind,Wind,NA,357.6375,52.895482191780786,100 million kwh
2020-06-30,Hydro,"Hydro, nuclear & biomass",Hydro,NA,1211.3000000000002,76.19999999999982,100 million kwh
2020-06-30,Nuclear,"Hydro, nuclear & biomass",Nuclear,NA,317.70000000000005,38,100 million kwh
2020-06-30,Thermal,NA,Thermal,NA,4332.9000000000015,254.60000000000218,100 million kwh
2020-07-31,Wind,Solar & wind,Wind,NA,318.6489677419355,76.33773857711003,100 million kwh
2020-07-31,Hydro,"Hydro, nuclear & biomass",Hydro,NA,1448.1999999999998,71.89999999999964,100 million kwh
2020-07-31,Nuclear,"Hydro, nuclear & biomass",Nuclear,NA,334.10000000000014,20.90000000000009,100 million kwh
2020-07-31,Thermal,NA,Thermal,NA,4614.0999999999985,11.999999999996362,100 million kwh
2020-08-31,Wind,Solar & wind,Wind,NA,305.4756774193549,54.75717163057885,100 million kwh
2020-08-31,Hydro,"Hydro, nuclear & biomass",Hydro,NA,1417,120,100 million kwh
2020-08-31,Nuclear,"Hydro, nuclear & biomass",Nuclear,NA,331.5999999999999,3.1000000000001364,100 million kwh
2020-08-31,Thermal,NA,Thermal,NA,5111.899999999998,347.90000000000146,100 million kwh
2020-09-30,Wind,Solar & wind,Wind,NA,295.5612,29.789871506849295,100 million kwh
2020-09-30,Hydro,"Hydro, nuclear & biomass",Hydro,NA,1390.5999999999995,263.8000000000002,100 million kwh
2020-09-30,Nuclear,"Hydro, nuclear & biomass",Nuclear,NA,318.6999999999998,21.999999999999545,100 million kwh
2020-09-30,Thermal,NA,Thermal,NA,4247.5,81.09999999999854,100 million kwh
2020-10-31,Wind,Solar & wind,Wind,NA,395.90070967741934,60.639644807777245,100 million kwh
2020-10-31,Hydro,"Hydro, nuclear & biomass",Hydro,NA,1419.2000000000007,344.5,100 million kwh
2020-10-31,Nuclear,"Hydro, nuclear & biomass",Nuclear,NA,286.7000000000003,-0.8999999999996362,100 million kwh
2020-10-31,Thermal,NA,Thermal,NA,4016.800000000003,-5,100 million kwh
2020-11-30,Wind,Solar & wind,Wind,NA,437.081,35.429406027397306,100 million kwh
2020-11-30,Hydro,"Hydro, nuclear & biomass",Hydro,NA,934.1000000000004,120.30000000000109,100 million kwh
2020-11-30,Nuclear,"Hydro, nuclear & biomass",Nuclear,NA,322.89999999999964,-2.5000000000004547,100 million kwh
2020-11-30,Thermal,NA,Thermal,NA,4762.9000000000015,282.20000000000437,100 million kwh
2020-12-31,Wind,Solar & wind,Wind,NA,438.6419032258065,31.811419354838733,100 million kwh
2020-12-31,Hydro,"Hydro, nuclear & biomass",Hydro,NA,762.0999999999985,54.099999999998545,100 million kwh
2020-12-31,Nuclear,"Hydro, nuclear & biomass",Nuclear,NA,352.8000000000002,20.700000000000273,100 million kwh
2020-12-31,Thermal,NA,Thermal,NA,5702.799999999996,570.5999999999913,100 million kwh
2021-01-31,Coal,Coal & gas,Thermal,Coal,3989.712429743029,720.6440249220441,100 million kwh
2021-01-31,Gas,Coal & gas,Thermal,Gas,183.62954073264075,7.827520172555666,100 million kwh
2021-01-31,Wind,Solar & wind,Wind,NA,574.007091306725,255.28549346907874,100 million kwh
2021-01-31,Hydro,"Hydro, nuclear & biomass",Hydro,NA,646.15,39.19999999999993,100 million kwh
2021-01-31,Nuclear,"Hydro, nuclear & biomass",Nuclear,NA,291.9,55.29999999999998,100 million kwh
2021-02-28,Coal,Coal & gas,Thermal,Coal,4425.1245,924.4132775672601,100 million kwh
2021-02-28,Gas,Coal & gas,Thermal,Gas,207.17764285714287,18.10738897309588,100 million kwh
2021-02-28,Wind,Solar & wind,Wind,NA,638.7355714285713,296.0726242895035,100 million kwh
2021-02-28,Hydro,"Hydro, nuclear & biomass",Hydro,NA,646.15,39.19999999999993,100 million kwh
2021-02-28,Nuclear,"Hydro, nuclear & biomass",Nuclear,NA,291.9,55.29999999999998,100 million kwh
2021-03-31,Coal,Coal & gas,Thermal,Coal,4180.039935483871,929.3713064516132,100 million kwh
2021-03-31,Gas,Coal & gas,Thermal,Gas,243.02129032258068,62.334919354838746,100 million kwh
2021-03-31,Wind,Solar & wind,Wind,NA,554.7290322580645,70.43951612903226,100 million kwh
2021-03-31,Hydro,"Hydro, nuclear & biomass",Hydro,NA,666.3,-82.70000000000005,100 million kwh
2021-03-31,Nuclear,"Hydro, nuclear & biomass",Nuclear,NA,342.1,35.80000000000001,100 million kwh
2021-04-30,Coal,Coal & gas,Thermal,Coal,3883.3692,444.82895824175876,100 million kwh
2021-04-30,Gas,Coal & gas,Thermal,Gas,251.6192,89.66198846153847,100 million kwh
2021-04-30,Wind,Solar & wind,Wind,NA,586.3776,164.3981879120879,100 million kwh
2021-04-30,Hydro,"Hydro, nuclear & biomass",Hydro,NA,768.8000000000002,12.100000000000364,100 million kwh
2021-04-30,Nuclear,"Hydro, nuclear & biomass",Nuclear,NA,323.69999999999993,15.999999999999886,100 million kwh
2021-05-31,Coal,Coal & gas,Thermal,Coal,3710.018612903226,213.50420524636684,100 million kwh
2021-05-31,Gas,Coal & gas,Thermal,Gas,254.79929032258065,75.43348670684153,100 million kwh
2021-05-31,Wind,Solar & wind,Wind,NA,642.1896774193549,197.9872757887274,100 million kwh
2021-05-31,Hydro,"Hydro, nuclear & biomass",Hydro,NA,957.4000000000001,119.19999999999982,100 million kwh
2021-05-31,Nuclear,"Hydro, nuclear & biomass",Nuclear,NA,342.5,31.700000000000045,100 million kwh
2021-06-30,Coal,Coal & gas,Thermal,Coal,4199.7186,485.38200000000006,100 million kwh
2021-06-30,Gas,Coal & gas,Thermal,Gas,232.936,27.711100000000016,100 million kwh
2021-06-30,Wind,Solar & wind,Wind,NA,464.1528,106.51530000000002,100 million kwh
2021-06-30,Hydro,"Hydro, nuclear & biomass",Hydro,NA,1141.8999999999996,-69.40000000000055,100 million kwh
2021-06-30,Nuclear,"Hydro, nuclear & biomass",Nuclear,NA,358.8000000000002,41.100000000000136,100 million kwh
2021-07-31,Coal,Coal & gas,Thermal,Coal,4840.787419814317,999.4575488465748,100 million kwh
2021-07-31,Gas,Coal & gas,Thermal,Gas,295.5795553044735,84.50632949802187,100 million kwh
2021-07-31,Wind,Solar & wind,Wind,NA,450.99580645161285,132.34683870967734,100 million kwh
2021-07-31,Hydro,"Hydro, nuclear & biomass",Hydro,NA,1420.3000000000002,-27.899999999999636,100 million kwh
2021-07-31,Nuclear,"Hydro, nuclear & biomass",Nuclear,NA,382.0999999999999,47.99999999999977,100 million kwh
2021-08-31,Coal,Coal & gas,Thermal,Coal,4757.177803248397,470.72719034517104,100 million kwh
2021-08-31,Gas,Coal & gas,Thermal,Gas,289.65462177819416,25.861137907226464,100 million kwh
2021-08-31,Wind,Solar & wind,Wind,NA,368.6736774193548,63.19799999999992,100 million kwh
2021-08-31,Hydro,"Hydro, nuclear & biomass",Hydro,NA,1370.1000000000004,-46.899999999999636,100 million kwh
2021-08-31,Nuclear,"Hydro, nuclear & biomass",Nuclear,NA,365.5,33.90000000000009,100 million kwh
2021-09-30,Coal,Coal & gas,Thermal,Coal,4161.128627716646,602.4588277166463,100 million kwh
2021-09-30,Gas,Coal & gas,Thermal,Gas,251.3316588672929,37.390258867292914,100 million kwh
2021-09-30,Wind,Solar & wind,Wind,NA,416.178,120.61680000000001,100 million kwh
2021-09-30,Hydro,"Hydro, nuclear & biomass",Hydro,NA,1412.7999999999993,22.199999999999818,100 million kwh
2021-09-30,Nuclear,"Hydro, nuclear & biomass",Nuclear,NA,332.4000000000001,13.700000000000273,100 million kwh
2021-10-31,Coal,Coal & gas,Thermal,Coal,3928.8442279114556,650.5018085566167,100 million kwh
2021-10-31,Gas,Coal & gas,Thermal,Gas,210.47666851690212,32.822765291095664,100 million kwh
2021-10-31,Wind,Solar & wind,Wind,NA,542.2336451612903,146.33293548387093,100 million kwh
2021-10-31,Hydro,"Hydro, nuclear & biomass",Hydro,NA,1192,-227.20000000000073,100 million kwh
2021-10-31,Nuclear,"Hydro, nuclear & biomass",Nuclear,NA,335.2999999999997,48.599999999999454,100 million kwh
2021-11-30,Coal,Coal & gas,Thermal,Coal,4321.040293620687,267.3682936206874,100 million kwh
2021-11-30,Gas,Coal & gas,Thermal,Gas,207.98822790809425,-27.010872091905753,100 million kwh
2021-11-30,Wind,Solar & wind,Wind,NA,621.9144,184.83339999999998,100 million kwh
2021-11-30,Hydro,"Hydro, nuclear & biomass",Hydro,NA,912.3999999999996,-21.700000000000728,100 million kwh
2021-11-30,Nuclear,"Hydro, nuclear & biomass",Nuclear,NA,336.2000000000003,13.300000000000637,100 million kwh
2021-12-31,Coal,Coal & gas,Thermal,Coal,4914.503148612124,-582.6380126781987,100 million kwh
2021-12-31,Gas,Coal & gas,Thermal,Gas,415.33607867960524,174.3965948086375,100 million kwh
2021-12-31,Wind,Solar & wind,Wind,NA,638.9465806451614,200.30467741935485,100 million kwh
2021-12-31,Hydro,"Hydro, nuclear & biomass",Hydro,NA,705.9000000000015,-56.19999999999709,100 million kwh
2021-12-31,Nuclear,"Hydro, nuclear & biomass",Nuclear,NA,372.7999999999997,19.999999999999545,100 million kwh
2022-01-31,Coal,Coal & gas,Thermal,Coal,4559.02583586415,569.3134061211213,100 million kwh
2022-01-31,Gas,Coal & gas,Thermal,Gas,222.66978931812721,39.04024858548647,100 million kwh
2022-01-31,Wind,Solar & wind,Wind,NA,518.2602990705303,-55.746792236194665,100 million kwh
2022-01-31,Hydro,"Hydro, nuclear & biomass",Hydro,NA,700,53.85000000000002,100 million kwh
2022-01-31,Nuclear,"Hydro, nuclear & biomass",Nuclear,NA,320,28.100000000000023,100 million kwh
2022-02-28,Solar,Solar & wind,Solar,NA,307.91474999999997,43.28389285714286,100 million kwh
2022-02-28,Coal,Coal & gas,Thermal,Coal,4569.662426899133,144.5379268991328,100 million kwh
2022-02-28,Gas,Coal & gas,Thermal,Gas,222.96121649777328,15.783573640630408,100 million kwh
2022-02-28,Wind,Solar & wind,Wind,NA,578.6660357142857,-60.06953571428562,100 million kwh
2022-02-28,Hydro,"Hydro, nuclear & biomass",Hydro,NA,700,53.85000000000002,100 million kwh
2022-02-28,Nuclear,"Hydro, nuclear & biomass",Nuclear,NA,320,28.100000000000023,100 million kwh
2022-03-31,Solar,Solar & wind,Solar,NA,363.76354838709676,92.93090322580639,100 million kwh
2022-03-31,Coal,Coal & gas,Thermal,Coal,4386.03552910121,205.99559361733918,100 million kwh
2022-03-31,Gas,Coal & gas,Thermal,Gas,205.80750169891678,-37.2137886236639,100 million kwh
2022-03-31,Wind,Solar & wind,Wind,NA,755.5416774193549,200.81264516129033,100 million kwh
2022-03-31,Hydro,"Hydro, nuclear & biomass",Hydro,NA,811.6999999999998,145.39999999999986,100 million kwh
2022-03-31,Nuclear,"Hydro, nuclear & biomass",Nuclear,NA,349.79999999999995,7.699999999999932,100 million kwh
2022-04-30,Solar,Solar & wind,Solar,NA,425.7924,141.3351,100 million kwh
2022-04-30,Coal,Coal & gas,Thermal,Coal,3675.884565823465,-207.4846341765351,100 million kwh
2022-04-30,Gas,Coal & gas,Thermal,Gas,189.5811942179258,-62.03800578207421,100 million kwh
2022-04-30,Wind,Solar & wind,Wind,NA,754.3198,167.94219999999996,100 million kwh
2022-04-30,Hydro,"Hydro, nuclear & biomass",Hydro,NA,918.3000000000002,149.5,100 million kwh
2022-04-30,Nuclear,"Hydro, nuclear & biomass",Nuclear,NA,326.70000000000005,3.0000000000001137,100 million kwh
2022-05-31,Solar,Solar & wind,Solar,NA,415.67990322580647,78.9777096774194,100 million kwh
2022-05-31,Coal,Coal & gas,Thermal,Coal,3728.842271947607,18.823659044381202,100 million kwh
2022-05-31,Gas,Coal & gas,Thermal,Gas,186.32399288402854,-68.4752974385521,100 million kwh
2022-05-31,Wind,Solar & wind,Wind,NA,650.2575483870968,8.067870967741896,100 million kwh
2022-05-31,Hydro,"Hydro, nuclear & biomass",Hydro,NA,1215.6000000000004,258.2000000000003,100 million kwh
2022-05-31,Nuclear,"Hydro, nuclear & biomass",Nuclear,NA,346.79999999999995,4.2999999999999545,100 million kwh
2022-06-30,Solar,Solar & wind,Solar,NA,427.6979,109.24200000000002,100 million kwh
2022-06-30,Coal,Coal & gas,Thermal,Coal,4177.010730005077,-22.707869994923385,100 million kwh
2022-06-30,Gas,Coal & gas,Thermal,Gas,229.58579660239292,-3.350203397607089,100 million kwh
2022-06-30,Wind,Solar & wind,Wind,NA,609.1872,145.03439999999995,100 million kwh
2022-06-30,Hydro,"Hydro, nuclear & biomass",Hydro,NA,1482.5999999999995,340.6999999999998,100 million kwh
2022-06-30,Nuclear,"Hydro, nuclear & biomass",Nuclear,NA,326.60000000000014,-32.200000000000045,100 million kwh
2022-07-31,Solar,Solar & wind,Solar,NA,438.80632258064514,123.98051612903225,100 million kwh
2022-07-31,Biomass,"Hydro, nuclear & biomass",Thermal,Biomass,159.5832050997033,20.950180218493443,100 million kwh
2022-07-31,Coal,Coal & gas,Thermal,Coal,5078.837775745019,238.0503559307017,100 million kwh
2022-07-31,Gas,Coal & gas,Thermal,Gas,338.67901915527915,43.09946385080565,100 million kwh
2022-07-31,Wind,Solar & wind,Wind,NA,498.91935483870964,47.92354838709679,100 million kwh
2022-07-31,Hydro,"Hydro, nuclear & biomass",Hydro,NA,1460.1000000000004,39.80000000000018,100 million kwh
2022-07-31,Nuclear,"Hydro, nuclear & biomass",Nuclear,NA,369.7999999999997,-12.300000000000182,100 million kwh
2022-08-31,Solar,Solar & wind,Solar,NA,419.87999999999994,111.02438709677415,100 million kwh
2022-08-31,Biomass,"Hydro, nuclear & biomass",Thermal,Biomass,158.21518044016906,19.047605466759734,100 million kwh
2022-08-31,Coal,Coal & gas,Thermal,Coal,5478.0464102223,720.8686069739033,100 million kwh
2022-08-31,Gas,Coal & gas,Thermal,Gas,336.538409337526,46.883787559331836,100 million kwh
2022-08-31,Wind,Solar & wind,Wind,NA,520.0838709677419,151.41019354838704,100 million kwh
2022-08-31,Hydro,"Hydro, nuclear & biomass",Hydro,NA,1228.4000000000005,-141.69999999999982,100 million kwh
2022-08-31,Nuclear,"Hydro, nuclear & biomass",Nuclear,NA,363.2000000000003,-2.299999999999727,100 million kwh
2022-09-30,Solar,Solar & wind,Solar,NA,419.6088,113.42379999999997,100 million kwh
2022-09-30,Biomass,"Hydro, nuclear & biomass",Thermal,Biomass,158.55856885711822,21.01885544105798,100 million kwh
2022-09-30,Coal,Coal & gas,Thermal,Coal,4521.062358282215,359.933730565569,100 million kwh
2022-09-30,Gas,Coal & gas,Thermal,Gas,187.1790728606697,-64.15258600662321,100 million kwh
2022-09-30,Wind,Solar & wind,Wind,NA,542.3652,126.18719999999996,100 million kwh
2022-09-30,Hydro,"Hydro, nuclear & biomass",Hydro,NA,990.0999999999985,-422.7000000000007,100 million kwh
2022-09-30,Nuclear,"Hydro, nuclear & biomass",Nuclear,NA,323.5,-8.900000000000091,100 million kwh
2022-10-31,Solar,Solar & wind,Solar,NA,384.4254193548387,135.96019354838708,100 million kwh
2022-10-31,Biomass,"Hydro, nuclear & biomass",Thermal,Biomass,172.16961026025047,28.09050668860695,100 million kwh
2022-10-31,Coal,Coal & gas,Thermal,Coal,4114.041503814299,185.19727590284356,100 million kwh
2022-10-31,Gas,Coal & gas,Thermal,Gas,208.188885925452,-2.28778259145011,100 million kwh
2022-10-31,Wind,Solar & wind,Wind,NA,679.6199032258065,137.38625806451626,100 million kwh
2022-10-31,Hydro,"Hydro, nuclear & biomass",Hydro,NA,993,-199,100 million kwh
2022-10-31,Nuclear,"Hydro, nuclear & biomass",Nuclear,NA,360.4000000000001,25.100000000000364,100 million kwh
2022-11-30,Solar,Solar & wind,Solar,NA,327.3776,48.5317,100 million kwh
2022-11-30,Biomass,"Hydro, nuclear & biomass",Thermal,Biomass,158.46430063885813,16.692822167644152,100 million kwh
2022-11-30,Coal,Coal & gas,Thermal,Coal,4360.047403723181,39.00711010249324,100 million kwh
2022-11-30,Gas,Coal & gas,Thermal,Gas,246.58829563796024,38.600067729866,100 million kwh
2022-11-30,Wind,Solar & wind,Wind,NA,670.3336,48.419200000000046,100 million kwh
2022-11-30,Hydro,"Hydro, nuclear & biomass",Hydro,NA,782.4000000000015,-129.99999999999818,100 million kwh
2022-11-30,Nuclear,"Hydro, nuclear & biomass",Nuclear,NA,373.5999999999999,37.399999999999636,100 million kwh
2022-12-31,Biomass,"Hydro, nuclear & biomass",Thermal,Biomass,162.00312237125507,16.34234966298527,100 million kwh
2022-12-31,Coal,Coal & gas,Thermal,Coal,5149.737881071685,235.2347324595603,100 million kwh
2022-12-31,Gas,Coal & gas,Thermal,Gas,266.5589965570632,-148.77708212254203,100 million kwh
2022-12-31,Wind,Solar & wind,Wind,NA,753.277935483871,114.33135483870967,100 million kwh
2022-12-31,Hydro,"Hydro, nuclear & biomass",Hydro,NA,737.7999999999993,31.899999999997817,100 million kwh
2022-12-31,Nuclear,"Hydro, nuclear & biomass",Nuclear,NA,397.4000000000001,24.600000000000364,100 million kwh
2023-01-31,Solar,Solar & wind,Solar,NA,355.20330016402403,80.95263477310004,100 million kwh
2023-01-31,Biomass,"Hydro, nuclear & biomass",Thermal,Biomass,164.66590964529095,14.511534827568255,100 million kwh
2023-01-31,Coal,Coal & gas,Thermal,Coal,4495.908483251071,-63.117352613079674,100 million kwh
2023-01-31,Gas,Coal & gas,Thermal,Gas,217.7343571036381,-4.935432214489111,100 million kwh
2023-01-31,Wind,Solar & wind,Wind,NA,715.0049245489339,196.74462547840358,100 million kwh
2023-01-31,Hydro,"Hydro, nuclear & biomass",Hydro,NA,683.33545,-16.664549999999963,100 million kwh
2023-01-31,Nuclear,"Hydro, nuclear & biomass",Nuclear,NA,333.7698,13.769799999999975,100 million kwh
2023-02-28,Solar,Solar & wind,Solar,NA,402.714,94.79925000000003,100 million kwh
2023-02-28,Biomass,"Hydro, nuclear & biomass",Thermal,Biomass,150.01315312929938,10.786796526205194,100 million kwh
2023-02-28,Coal,Coal & gas,Thermal,Coal,4510.2845874886425,-59.377839410490196,100 million kwh
2023-02-28,Gas,Coal & gas,Thermal,Gas,218.0110093820588,-4.950207115714477,100 million kwh
2023-02-28,Wind,Solar & wind,Wind,NA,797.5460357142857,218.88,100 million kwh
2023-02-28,Hydro,"Hydro, nuclear & biomass",Hydro,NA,683.33545,-16.664549999999963,100 million kwh
2023-02-28,Nuclear,"Hydro, nuclear & biomass",Nuclear,NA,333.7698,13.769799999999975,100 million kwh
2023-03-31,Solar,Solar & wind,Solar,NA,498.7034516129032,134.93990322580646,100 million kwh
2023-03-31,Biomass,"Hydro, nuclear & biomass",Thermal,Biomass,177.50999404725042,18.95302484737809,100 million kwh
2023-03-31,Coal,Coal & gas,Thermal,Coal,4782.4077529694305,396.3722238682203,100 million kwh
2023-03-31,Gas,Coal & gas,Thermal,Gas,234.3915529833176,28.58405128440083,100 million kwh
2023-03-31,Wind,Solar & wind,Wind,NA,778.1247096774193,22.583032258064463,100 million kwh
2023-03-31,Hydro,"Hydro, nuclear & biomass",Hydro,NA,668.3924,-143.30759999999987,100 million kwh
2023-03-31,Nuclear,"Hydro, nuclear & biomass",Nuclear,NA,365.7093000000001,15.909300000000144,100 million kwh
2023-04-30,Solar,Solar & wind,Solar,NA,493.36,67.56760000000003,100 million kwh
2023-04-30,Biomass,"Hydro, nuclear & biomass",Thermal,Biomass,168.44251568439464,13.30827572578545,100 million kwh
2023-04-30,Coal,Coal & gas,Thermal,Coal,4130.815915277869,454.93134945440397,100 million kwh
2023-04-30,Gas,Coal & gas,Thermal,Gas,216.81476903773657,27.23357481981077,100 million kwh
2023-04-30,Wind,Solar & wind,Wind,NA,952.9466,198.6268,100 million kwh
2023-04-30,Hydro,"Hydro, nuclear & biomass",Hydro,NA,673.6366999999998,-244.6633000000004,100 million kwh
2023-04-30,Nuclear,"Hydro, nuclear & biomass",Nuclear,NA,345.15110000000004,18.451099999999997,100 million kwh
2023-05-31,Solar,Solar & wind,Solar,NA,527.1329032258064,111.45299999999997,100 million kwh
2023-05-31,Biomass,"Hydro, nuclear & biomass",Thermal,Biomass,176.24043928533817,14.406704116973344,100 million kwh
2023-05-31,Coal,Coal & gas,Thermal,Coal,4313.052004278721,584.2097323311141,100 million kwh
2023-05-31,Gas,Coal & gas,Thermal,Gas,249.50755643593968,63.183563551911135,100 million kwh
2023-05-31,Wind,Solar & wind,Wind,NA,796.0548387096775,145.7972903225807,100 million kwh
2023-05-31,Hydro,"Hydro, nuclear & biomass",Hydro,NA,814.7000000000003,-400.9000000000001,100 million kwh
2023-05-31,Nuclear,"Hydro, nuclear & biomass",Nuclear,NA,368.89999999999986,22.09999999999991,100 million kwh
2023-06-30,Solar,Solar & wind,Solar,NA,578.9241,151.22619999999995,100 million kwh
2023-06-30,Biomass,"Hydro, nuclear & biomass",Thermal,Biomass,170.70691294197536,12.2034395494465,100 million kwh
2023-06-30,Coal,Coal & gas,Thermal,Coal,4800.456669795295,623.4459397902183,100 million kwh
2023-06-30,Gas,Coal & gas,Thermal,Gas,280.00941726273186,50.42362066033894,100 million kwh
2023-06-30,Wind,Solar & wind,Wind,NA,607.1676,-2.0195999999999685,100 million kwh
2023-06-30,Hydro,"Hydro, nuclear & biomass",Hydro,NA,980.8191000000002,-501.7808999999993,100 million kwh
2023-06-30,Nuclear,"Hydro, nuclear & biomass",Nuclear,NA,371.5629000000001,44.96289999999999,100 million kwh
2023-07-31,Solar,Solar & wind,Solar,NA,579.4724516129032,140.66612903225808,100 million kwh
2023-07-31,Biomass,"Hydro, nuclear & biomass",Thermal,Biomass,175.73733222235106,16.154127122647765,100 million kwh
2023-07-31,Coal,Coal & gas,Thermal,Coal,5477.837024487166,398.99924874214685,100 million kwh
2023-07-31,Gas,Coal & gas,Thermal,Gas,363.1526432904786,24.47362413519943,100 million kwh
2023-07-31,Wind,Solar & wind,Wind,NA,680.6215161290322,181.70216129032258,100 million kwh
2023-07-31,Hydro,"Hydro, nuclear & biomass",Hydro,NA,1212.7808999999997,-247.31910000000062,100 million kwh
2023-07-31,Nuclear,"Hydro, nuclear & biomass",Nuclear,NA,380.4371000000001,10.637100000000373,100 million kwh
2023-08-31,Solar,Solar & wind,Solar,NA,621.1651935483872,201.2851935483872,100 million kwh
2023-08-31,Biomass,"Hydro, nuclear & biomass",Thermal,Biomass,175.23042839232986,17.01524795216079,100 million kwh
2023-08-31,Coal,Coal & gas,Thermal,Coal,5401.057533549439,-76.9888766728618,100 million kwh
2023-08-31,Gas,Coal & gas,Thermal,Gas,339.54503805823737,3.006628720711376,100 million kwh
2023-08-31,Wind,Solar & wind,Wind,NA,466.79167741935487,-53.29219354838699,100 million kwh
2023-08-31,Hydro,"Hydro, nuclear & biomass",Hydro,NA,1470.4197999999997,242.01979999999912,100 million kwh
2023-08-31,Nuclear,"Hydro, nuclear & biomass",Nuclear,NA,383.29029999999966,20.090299999999388,100 million kwh
2023-09-30,Solar,Solar & wind,Solar,NA,573.188,153.57920000000001,100 million kwh
2023-09-30,Biomass,"Hydro, nuclear & biomass",Thermal,Biomass,177.40853200009178,18.849963142973564,100 million kwh
2023-09-30,Coal,Coal & gas,Thermal,Coal,4575.212570184201,54.15021190198513,100 million kwh
2023-09-30,Gas,Coal & gas,Thermal,Gas,254.74589781570626,67.56682495503657,100 million kwh
2023-09-30,Wind,Solar & wind,Wind,NA,508.2667,-34.098499999999945,100 million kwh
2023-09-30,Hydro,"Hydro, nuclear & biomass",Hydro,NA,1396.4802,406.3802000000014,100 million kwh
2023-09-30,Nuclear,"Hydro, nuclear & biomass",Nuclear,NA,345.30970000000025,21.809700000000248,100 million kwh
2023-10-31,Solar,Solar & wind,Solar,NA,534.0317419354839,149.60632258064516,100 million kwh
2023-10-31,Biomass,"Hydro, nuclear & biomass",Thermal,Biomass,178.9619397389164,6.792329478665948,100 million kwh
2023-10-31,Coal,Coal & gas,Thermal,Coal,4287.1607260015935,173.11922218729433,100 million kwh
2023-10-31,Gas,Coal & gas,Thermal,Gas,214.07733425948712,5.888448334035104,100 million kwh
2023-10-31,Wind,Solar & wind,Wind,NA,590.3612903225805,-89.25861290322598,100 million kwh
2023-10-31,Hydro,"Hydro, nuclear & biomass",Hydro,NA,1221,228,100 million kwh
2023-10-31,Nuclear,"Hydro, nuclear & biomass",Nuclear,NA,359.4000000000001,-1,100 million kwh
2023-11-30,Solar,Solar & wind,Solar,NA,546.4676,219.08999999999997,100 million kwh
2023-11-30,Biomass,"Hydro, nuclear & biomass",Thermal,Biomass,172.14558165665102,13.681281017792884,100 million kwh
2023-11-30,Coal,Coal & gas,Thermal,Coal,4673.488871920328,313.4414681971475,100 million kwh
2023-11-30,Gas,Coal & gas,Thermal,Gas,255.26554642302187,8.67725078506163,100 million kwh
2023-11-30,Wind,Solar & wind,Wind,NA,879.3279,208.99429999999995,100 million kwh
2023-11-30,Hydro,"Hydro, nuclear & biomass",Hydro,NA,831.1000000000004,48.69999999999891,100 million kwh
2023-11-30,Nuclear,"Hydro, nuclear & biomass",Nuclear,NA,364.6999999999998,-8.900000000000091,100 million kwh
2023-12-31,Solar,Solar & wind,Solar,NA,401.08374193548383,108.5259677419354,100 million kwh
2023-12-31,Biomass,"Hydro, nuclear & biomass",Thermal,Biomass,181.66160430710036,19.658481935845288,100 million kwh
2023-12-31,Coal,Coal & gas,Thermal,Coal,5688.731794907591,538.9939138359068,100 million kwh
2023-12-31,Gas,Coal & gas,Thermal,Gas,269.6454007853103,3.0864042282470905,100 million kwh
2023-12-31,Wind,Solar & wind,Wind,NA,837.1223225806451,83.84438709677408,100 million kwh
2023-12-31,Hydro,"Hydro, nuclear & biomass",Hydro,NA,772.8598999999995,35.0599000000002,100 million kwh
2023-12-31,Nuclear,"Hydro, nuclear & biomass",Nuclear,NA,380.5554000000002,-16.8445999999999,100 million kwh
2024-01-31,Solar,Solar & wind,Solar,NA,511.58018709677424,156.3768869327502,100 million kwh
2024-01-31,Biomass,"Hydro, nuclear & biomass",Thermal,Biomass,179.32104194428365,14.655132298992697,100 million kwh
2024-01-31,Coal,Coal & gas,Thermal,Coal,4959.789475128009,463.8809918769384,100 million kwh
2024-01-31,Gas,Coal & gas,Thermal,Gas,261.8394829277074,44.10512582406932,100 million kwh
2024-01-31,Wind,Solar & wind,Wind,NA,804.9493411290324,89.9444165800985,100 million kwh
2024-01-31,Hydro,"Hydro, nuclear & biomass",Hydro,NA,694.8,11.464549999999917,100 million kwh
2024-01-31,Nuclear,"Hydro, nuclear & biomass",Nuclear,NA,345.55,11.780200000000036,100 million kwh
2024-02-29,Solar,Solar & wind,Solar,NA,562.9853793103449,160.2713793103449,100 million kwh
2024-02-29,Biomass,"Hydro, nuclear & biomass",Thermal,Biomass,168.90052912750835,18.887375998208967,100 million kwh
2024-02-29,Coal,Coal & gas,Thermal,Coal,4969.351780731083,459.0671932424402,100 million kwh
2024-02-29,Gas,Coal & gas,Thermal,Gas,262.697690141409,44.686680759350196,100 million kwh
2024-02-29,Wind,Solar & wind,Wind,NA,868.8649137931035,71.31887807881776,100 million kwh
2024-02-29,Hydro,"Hydro, nuclear & biomass",Hydro,NA,694.8,11.464549999999917,100 million kwh
2024-02-29,Nuclear,"Hydro, nuclear & biomass",Nuclear,NA,345.55,11.780200000000036,100 million kwh
2024-03-31,Solar,Solar & wind,Solar,NA,709.0214516129031,210.31799999999987,100 million kwh
2024-03-31,Biomass,"Hydro, nuclear & biomass",Thermal,Biomass,183.31479731841597,5.804803271165554,100 million kwh
2024-03-31,Coal,Coal & gas,Thermal,Coal,4790.3742659918935,7.966513022463005,100 million kwh
2024-03-31,Gas,Coal & gas,Thermal,Gas,252.4109366896907,18.019383706373077,100 million kwh
2024-03-31,Wind,Solar & wind,Wind,NA,985.4585806451613,207.33387096774197,100 million kwh
2024-03-31,Hydro,"Hydro, nuclear & biomass",Hydro,NA,712.0999999999999,43.70759999999996,100 million kwh
2024-03-31,Nuclear,"Hydro, nuclear & biomass",Nuclear,NA,348.1,-17.609300000000076,100 million kwh
